TransactionID,CustomerID,TransactionAmount,MerchantID,Timestamp,Method,IsFraud
1,1004,18346.88771,1004,29-08-2023,Cash,1
2,1004,358.7963369,1001,31-08-2023,Online,1
3,1003,13048.26547,1004,07-09-2023,Cash,1
4,1002,1277.77016,1004,13-09-2023,Card,1
5,1001,11563.32896,1001,21-09-2023,Cheque,-1
6,1002,300000000,1002,13-09-2023,Cash,1
7,1004,1127.2344,1001,13-09-2023,Online,1
8,1001,1527.494293,1002,25-09-2023,Online,1
9,1001,1091.404842,1002,09-09-2023,Card,1
10,1003,4544.072202,1002,26-09-2023,Cash,1
11,1004,4089.735765,1001,18-09-2023,Online,1
12,1001,7647.240976,1003,04-09-2023,Cash,1
13,1001,49102.1543,1002,31-08-2023,Card,1
14,1002,49079.594,1004,03-09-2023,Card,1
15,1001,16307.45999,1003,13-09-2023,Card,1
16,1002,17161.82667,1002,03-09-2023,Online,1
17,1001,927.6701171,1004,22-09-2023,Card,1
18,1001,5552.823929,1002,19-09-2023,Cheque,1
19,1003,19641.44393,1002,25-09-2023,Online,1
20,1004,595.4318762,1004,04-09-2023,Cheque,1
21,1002,1626.544745,1003,21-09-2023,Card,1
22,1001,1724.028724,1004,11-09-2023,Card,1
23,1003,2001.659973,1003,31-08-2023,Cash,1
24,1001,9157.907296,1004,01-09-2023,Cash,1
25,1003,30144.986,1004,15-09-2023,Cheque,1
26,1004,1809.451739,1002,17-09-2023,Cheque,1
27,1003,9610.158058,1004,22-09-2023,Cheque,1
28,1002,48377.38724,1002,20-09-2023,Cash,1
29,1004,583.5777059,1001,13-09-2023,Cash,1
30,1002,1342.742684,1003,06-09-2023,Online,1
31,1004,4075.987329,1001,24-09-2023,Online,1
32,1004,8439.072159,1004,22-09-2023,Online,1
33,1004,99058.07109,1002,10-09-2023,Cheque,1
34,1002,82295.57581,1003,01-09-2023,Cheque,1
35,1001,19125.92574,1001,08-09-2023,Cash,1
36,1001,1310.019481,1001,01-09-2023,Cash,-1
37,1002,5424.007638,1001,25-09-2023,Cash,1
38,1003,825.429791,1003,30-08-2023,Card,1
39,1004,83441.7932,1001,16-09-2023,Card,1
40,1003,1358.726504,1001,12-09-2023,Cash,1
41,1002,4591.517568,1002,12-09-2023,Cash,1
42,1004,2438.584227,1002,25-09-2023,Cheque,1
43,1003,9561.30475,1004,05-09-2023,Cash,1
44,1003,1105.45051,1002,23-09-2023,Cheque,1
45,1004,9371.373941,1004,22-09-2023,Cash,1
46,1002,50000000,1003,17-09-2023,Cash,-1
47,1003,1928.074221,1002,14-09-2023,Cash,1
48,1001,1352.415298,1001,23-09-2023,Online,1
49,1004,1922.434228,1004,25-09-2023,Cash,1
50,1001,72853.94169,1003,13-09-2023,Cash,1
51,1002,1108.068124,1004,03-09-2023,Cheque,1
52,1001,1233.372172,1001,22-09-2023,Cheque,1
53,1004,5542.51705,1002,30-08-2023,Cheque,1
54,1002,9760.886685,1001,02-09-2023,Cash,1
55,1003,2791.333675,1003,22-09-2023,Online,1
56,1003,41193.59727,1001,12-09-2023,Cheque,1
57,1001,2843.303581,1003,03-09-2023,Online,1
58,1004,6675.377723,1002,25-09-2023,Cheque,1
59,1004,2626.353153,1003,05-09-2023,Card,1
60,1001,197.2528348,1002,07-09-2023,Cash,1
61,1002,821.2690081,1003,25-09-2023,Cash,1
62,1002,44433.72107,1002,07-09-2023,Online,1
63,1002,6025.760852,1002,11-09-2023,Online,1
64,1003,4313.240091,1001,22-09-2023,Cheque,1
65,1004,40505.75354,1001,02-09-2023,Cheque,1
66,1003,26152.15796,1004,31-08-2023,Online,1
67,1003,3256.528958,1003,23-09-2023,Cash,1
68,1004,8637.065411,1003,30-08-2023,Card,1
69,1002,56051.28556,1002,30-08-2023,Online,1
70,1004,57985.72764,1001,02-09-2023,Cheque,1
71,1002,60991.86374,1002,21-09-2023,Card,1
72,1004,3220.772012,1003,31-08-2023,Cheque,1
73,1004,230000000,1003,15-09-2023,Cheque,-1
74,1004,1601.5125,1002,17-09-2023,Cheque,1
75,1003,6571.154895,1001,23-09-2023,Online,1
76,1003,1712.539433,1001,26-09-2023,Cash,1
77,1004,1937.473346,1004,13-09-2023,Online,1
78,1004,11572.73569,1002,29-08-2023,Online,1
79,1003,58103.29623,1002,15-09-2023,Online,1
80,1002,7496.921249,1002,16-09-2023,Card,1
81,1002,95782.10437,1002,18-09-2023,Cash,1
82,1004,18837.59598,1001,04-09-2023,Cheque,1
83,1003,9697.025032,1002,29-08-2023,Online,1
84,1002,495.503835,1001,23-09-2023,Card,1
85,1001,12482.69022,1002,03-09-2023,Online,1
86,1004,176.498813,1001,21-09-2023,Cash,1
87,1004,4307.78417,1001,29-08-2023,Card,1
88,1001,9508.465296,1003,10-09-2023,Cash,1
89,1003,8764.775637,1001,12-09-2023,Cash,1
90,1003,8046.728667,1003,16-09-2023,Cheque,1
91,1001,4664.858399,1003,08-09-2023,Online,1
92,1004,2582.424268,1004,21-09-2023,Cheque,1
93,1001,1863.934305,1004,02-09-2023,Cash,1
94,1003,90000000,1003,05-09-2023,Card,-1
95,1001,6878.653431,1002,03-09-2023,Card,1
96,1003,5857.402017,1001,03-09-2023,Card,1
97,1001,21593.88911,1004,29-08-2023,Online,1
98,1001,19146.89215,1004,13-09-2023,Cash,1
99,1004,1832.340386,1002,31-08-2023,Cheque,1
100,1002,1362.293134,1004,02-09-2023,Online,1
101,1004,12419.75825,1002,23-09-2023,Cash,1
102,1002,259.8639731,1004,16-09-2023,Online,1
103,1002,13777.57883,1003,10-09-2023,Online,1
104,1004,109743.561,1004,20-09-2023,Cash,1
105,1004,1425.424926,1002,06-09-2023,Cheque,1
106,1002,19498.04019,1001,06-09-2023,Online,1
107,1001,25469.56944,1002,26-09-2023,Card,1
108,1001,2469.622981,1003,24-09-2023,Card,1
109,1001,1833.227387,1002,29-08-2023,Card,1
110,1002,112674.7873,1001,21-09-2023,Online,1
111,1004,3044.41955,1003,11-09-2023,Cheque,1
112,1004,2019.464658,1004,01-09-2023,Card,1
113,1003,38001.95822,1002,13-09-2023,Cash,1
114,1003,68116.8985,1003,12-09-2023,Cash,1
115,1001,9152.260686,1003,31-08-2023,Online,1
116,1003,456.1892648,1004,08-09-2023,Cheque,1
117,1001,1425.102073,1001,07-09-2023,Online,1
118,1001,7261.24125,1002,07-09-2023,Cheque,1
119,1003,1422.092202,1002,20-09-2023,Cheque,1
120,1003,10950.15519,1001,10-09-2023,Cheque,1
121,1002,818.6124665,1004,25-09-2023,Card,1
122,1003,90777.80326,1001,10-09-2023,Cheque,1
123,1001,7517.091938,1004,23-09-2023,Cash,1
124,1002,175.6243153,1004,23-09-2023,Online,1
125,1003,83758.74935,1003,10-09-2023,Online,1
126,1004,604.000342,1001,13-09-2023,Cash,1
127,1003,12290.11664,1001,19-09-2023,Card,1
128,1004,80992.63144,1002,23-09-2023,Card,1
129,1003,16789.41476,1003,26-09-2023,Card,1
130,1002,64450.65768,1004,06-09-2023,Cheque,1
131,1003,2564.245763,1004,10-09-2023,Cheque,-1
132,1004,3009.343517,1004,16-09-2023,Cash,1
133,1001,894.0089398,1002,26-09-2023,Cash,1
134,1003,9231.399641,1003,07-09-2023,Cash,1
135,1003,9361.829915,1003,22-09-2023,Card,1
136,1001,27245.3842,1004,26-09-2023,Card,1
137,1002,1826.880266,1004,17-09-2023,Card,1
138,1001,328.4500891,1003,11-09-2023,Online,1
139,1003,12901.46786,1003,14-09-2023,Cash,1
140,1003,805.7902238,1004,11-09-2023,Card,1
141,1002,110660.3345,1004,02-09-2023,Card,1
142,1003,3756.841531,1004,13-09-2023,Card,1
143,1002,19654.32691,1004,15-09-2023,Card,1
144,1004,48031.04576,1003,08-09-2023,Online,1
145,1001,30067.92131,1004,29-08-2023,Cash,1
146,1003,13652.68401,1003,12-09-2023,Cash,1
147,1004,6210.347199,1001,11-09-2023,Cheque,1
148,1001,4115.772963,1001,31-08-2023,Card,1
149,1001,102659.2106,1004,12-09-2023,Cheque,1
150,1001,1547.199191,1003,14-09-2023,Cheque,1
151,1001,1426.203145,1004,23-09-2023,Online,1
152,1004,15454.08781,1001,15-09-2023,Cash,1
153,1001,1473.374463,1003,04-09-2023,Card,1
154,1003,9435.417161,1004,29-08-2023,Cash,1
155,1002,45539.35725,1003,18-09-2023,Online,1
156,1002,12000000,1004,16-09-2023,Card,-1
157,1001,10741.45542,1002,07-09-2023,Card,1
158,1001,3699.442961,1001,01-09-2023,Cheque,1
159,1002,660.5821429,1002,26-09-2023,Cheque,1
160,1003,8665.860719,1004,29-08-2023,Card,1
161,1001,67037.119,1002,19-09-2023,Online,1
162,1004,1701.230234,1003,14-09-2023,Cash,1
163,1001,13684.85205,1004,09-09-2023,Online,1
164,1001,1707.996823,1001,04-09-2023,Online,1
165,1003,1171.004724,1001,13-09-2023,Card,1
166,1003,1833.041446,1001,05-09-2023,Cheque,1
167,1001,1210.808091,1002,20-09-2023,Card,1
168,1003,7222.960282,1001,19-09-2023,Online,1
169,1001,2625.690366,1003,08-09-2023,Online,1
170,1002,1624.808302,1003,21-09-2023,Online,1
171,1002,7826.575421,1001,26-09-2023,Card,1
172,1001,8603.858456,1003,14-09-2023,Cash,1
173,1001,1160.373665,1003,03-09-2023,Card,1
174,1003,490.3391738,1001,14-09-2023,Cash,1
175,1004,8056.440455,1004,19-09-2023,Cash,1
176,1002,9280.242468,1004,23-09-2023,Online,1
177,1004,15562.9947,1002,14-09-2023,Card,1
178,1001,1949.00955,1001,24-09-2023,Card,1
179,1004,3995.490085,1004,19-09-2023,Cheque,1
180,1004,229.3527871,1004,06-09-2023,Cash,1
181,1001,8085.801085,1003,19-09-2023,Cheque,1
182,1004,971.7761628,1002,09-09-2023,Online,1
183,1001,915.1498975,1004,23-09-2023,Card,1
184,1002,4273.228985,1001,22-09-2023,Card,1
185,1001,8993.256993,1002,15-09-2023,Cash,1
186,1004,919.3917291,1003,06-09-2023,Cash,1
187,1002,9084.816567,1001,17-09-2023,Cheque,1
188,1002,1584.977997,1003,17-09-2023,Card,1
189,1002,3605.579729,1002,14-09-2023,Online,1
190,1003,3339.789481,1002,11-09-2023,Online,1
191,1002,1998.438866,1003,29-08-2023,Card,1
192,1004,46241.21938,1001,13-09-2023,Cheque,1
193,1004,5601.429576,1002,04-09-2023,Online,1
194,1002,746.1010367,1001,29-08-2023,Card,1
195,1002,108.1187947,1004,09-09-2023,Card,1
196,1001,91171.05818,1004,25-09-2023,Cash,1
197,1004,101743.4538,1002,08-09-2023,Online,1
198,1004,1346.289838,1002,30-08-2023,Online,1
199,1004,904.6213053,1002,04-09-2023,Card,1
200,1003,8687.674902,1002,26-09-2023,Cash,1
201,1002,4555.595304,1001,01-09-2023,Cash,1
202,1004,926.3891941,1004,11-09-2023,Online,1
203,1003,11327.62429,1003,03-09-2023,Online,1
204,1001,17044.13205,1001,15-09-2023,Card,1
205,1001,2304.425577,1002,01-09-2023,Online,1
206,1004,13319.22512,1001,31-08-2023,Cheque,1
207,1003,13105.26738,1003,06-09-2023,Cheque,1
208,1001,16851.45993,1001,30-08-2023,Cheque,1
209,1002,112482.7031,1002,01-09-2023,Cheque,1
210,1003,74611.38875,1001,11-09-2023,Cash,1
211,1004,3083.150068,1004,21-09-2023,Cheque,1
212,1001,47395.64843,1002,08-09-2023,Card,1
213,1003,788.8991188,1003,08-09-2023,Cash,1
214,1002,9049.610484,1002,21-09-2023,Cheque,1
215,1003,1189.336441,1001,07-09-2023,Cash,1
216,1001,59531.24822,1004,10-09-2023,Online,1
217,1002,48675.59424,1002,21-09-2023,Cheque,1
218,1002,28261.70863,1004,22-09-2023,Cash,1
219,1002,1817.067229,1004,25-09-2023,Online,1
220,1003,2637.531036,1001,30-08-2023,Card,1
221,1003,786.2515331,1002,11-09-2023,Cash,1
222,1001,1541.400615,1001,10-09-2023,Cheque,1
223,1002,7780.492839,1001,10-09-2023,Cheque,1
224,1004,8734.5219,1001,21-09-2023,Card,1
225,1001,13711.32634,1004,13-09-2023,Cash,1
226,1003,1189.409344,1001,19-09-2023,Cheque,1
227,1003,1384.775623,1002,20-09-2023,Online,1
228,1003,9928.772495,1003,20-09-2023,Card,1
229,1001,9854.4059,1002,10-09-2023,Cheque,1
230,1003,62991.89228,1001,05-09-2023,Cash,1
231,1003,32320.93784,1002,04-09-2023,Cash,1
232,1004,57071.11727,1002,20-09-2023,Card,1
233,1003,12886.58899,1004,05-09-2023,Card,1
234,1001,26486.40693,1003,20-09-2023,Cheque,1
235,1002,28583.31601,1001,16-09-2023,Online,1
236,1003,14706.31992,1001,19-09-2023,Cash,1
237,1001,15594.51051,1002,14-09-2023,Online,1
238,1004,756.6011724,1004,17-09-2023,Cheque,1
239,1004,3887.448187,1002,06-09-2023,Cheque,1
240,1003,65016.36141,1003,01-10-2023,Cash,1
241,1002,1272.07587,1001,01-10-2023,Cheque,1
242,1002,10752.47224,1001,19-10-2023,Cheque,1
243,1004,96861.5556,1001,03-10-2023,Cheque,1
244,1004,114775.8007,1003,13-10-2023,Cheque,1
245,1003,1707.816449,1002,16-10-2023,Card,1
246,1004,2933.371589,1003,12-10-2023,Cash,1
247,1003,4742.324752,1002,26-09-2023,Cash,1
248,1002,5220.516803,1004,18-10-2023,Card,1
249,1003,22567.45334,1003,06-10-2023,Online,1
250,1001,253.1639202,1002,27-09-2023,Card,1
251,1004,6366.653034,1002,22-09-2023,Card,1
252,1003,1215.500123,1002,06-10-2023,Card,1
253,1004,1097.698137,1001,09-10-2023,Cash,1
254,1004,8928.026171,1001,02-10-2023,Cheque,1
255,1001,30522.68839,1003,16-10-2023,Card,1
256,1004,13624.33646,1004,17-10-2023,Online,1
257,1002,1736.303514,1004,06-10-2023,Cheque,1
258,1004,1206.751139,1004,30-09-2023,Online,1
259,1002,1347.758608,1003,20-10-2023,Cheque,1
260,1003,2011.401578,1004,23-09-2023,Cash,1
261,1004,76670.35588,1001,23-09-2023,Card,1
262,1004,17132.21691,1002,09-10-2023,Online,1
263,1004,9821.508494,1002,09-10-2023,Card,1
264,1004,93665.82589,1002,09-10-2023,Cash,1
265,1002,937.5123827,1001,14-10-2023,Cash,1
266,1002,1950.071763,1001,25-09-2023,Card,1
267,1003,30641.15478,1002,02-10-2023,Online,1
268,1001,3796.929138,1002,10-10-2023,Cheque,1
269,1003,8032.52308,1004,18-10-2023,Card,1
270,1001,1538.393883,1001,26-09-2023,Cash,1
271,1004,116240.9814,1001,12-10-2023,Cheque,1
272,1003,6877.378099,1003,23-09-2023,Cheque,1
273,1002,19026.26324,1001,03-10-2023,Cheque,1
274,1002,1772.070193,1002,08-10-2023,Cheque,1
275,1003,1540.430751,1003,16-10-2023,Card,1
276,1003,41129.75763,1004,27-09-2023,Online,1
277,1004,65807.63318,1001,12-10-2023,Card,1
278,1001,17747.60903,1004,12-10-2023,Cheque,1
279,1004,1278.097671,1004,16-10-2023,Card,1
280,1002,65316.53442,1002,09-10-2023,Online,1
281,1003,5927.040603,1002,13-10-2023,Online,1
282,1004,1206.279096,1001,29-09-2023,Online,1
283,1003,19371.02475,1001,02-10-2023,Cheque,1
284,1002,5502.851888,1003,16-10-2023,Cash,1
285,1002,10106.47587,1003,05-10-2023,Online,1
286,1003,1640.173071,1001,13-10-2023,Cash,1
287,1002,19531.18443,1002,29-09-2023,Online,1
288,1004,56404.55093,1004,30-09-2023,Card,1
289,1003,78742.87634,1002,15-10-2023,Online,1
290,1004,14877.78736,1004,08-10-2023,Cheque,1
291,1001,229.5550311,1001,24-09-2023,Card,1
292,1003,92078.14711,1002,13-10-2023,Card,1
293,1001,82780.12627,1002,28-09-2023,Card,1
294,1002,102263.3194,1001,01-10-2023,Cash,1
295,1003,3998.037272,1001,15-10-2023,Online,1
296,1001,628.6773294,1002,03-10-2023,Cheque,1
297,1004,824.0783698,1004,11-10-2023,Card,1
298,1003,42310.00345,1002,24-09-2023,Online,1
299,1004,17735.999,1003,08-10-2023,Cash,1
300,1003,574.5479602,1003,30-09-2023,Card,1
301,1003,8856.782244,1004,19-10-2023,Cheque,1
302,1003,9594.72799,1002,25-09-2023,Card,1
303,1004,809.8080755,1002,14-10-2023,Cheque,1
304,1001,5316.95852,1004,05-10-2023,Card,1
305,1001,790.1629073,1003,24-09-2023,Card,1
306,1001,116700.6739,1002,03-10-2023,Cheque,1
307,1004,76691.6951,1003,20-10-2023,Cheque,1
308,1004,1769.351104,1003,29-09-2023,Cash,1
309,1002,5989.418693,1003,24-09-2023,Cheque,1
310,1004,38407.91369,1003,02-10-2023,Cash,1
311,1002,45049.18824,1003,15-10-2023,Online,1
312,1004,237.7122792,1003,02-10-2023,Card,1
313,1001,1669.624293,1001,14-10-2023,Cheque,1
314,1003,7578.376934,1003,16-10-2023,Card,1
315,1002,8460.155138,1003,14-10-2023,Cheque,1
316,1003,20640.66077,1001,07-10-2023,Online,1
317,1003,1408.379077,1003,02-10-2023,Online,1
318,1004,100428.6017,1004,22-09-2023,Cash,1
319,1004,6983.781574,1002,08-10-2023,Online,1
320,1002,103890.058,1002,03-10-2023,Card,1
321,1001,8625.452193,1001,17-10-2023,Online,1
322,1004,46077.05323,1003,16-10-2023,Cash,1
323,1004,82871.74402,1004,30-09-2023,Online,1
324,1003,6919.560727,1004,20-10-2023,Card,1
325,1004,9877.325189,1001,03-10-2023,Online,1
326,1003,6536.97777,1004,18-10-2023,Card,1
327,1001,42561.55603,1003,10-10-2023,Cheque,1
328,1002,906.6497588,1003,03-10-2023,Cheque,1
329,1002,7477.242845,1002,04-10-2023,Online,1
330,1003,1475.386522,1002,25-09-2023,Cheque,1
331,1002,1083.468473,1004,17-10-2023,Cheque,1
332,1001,2428.179648,1001,20-10-2023,Card,1
333,1003,8093.009897,1001,06-10-2023,Cheque,1
334,1002,543.0589708,1004,11-10-2023,Online,1
335,1003,588.5373351,1004,27-09-2023,Cheque,1
336,1001,1209.442937,1003,12-10-2023,Cheque,1
337,1003,8807.539976,1002,08-10-2023,Cheque,1
338,1004,2806.381913,1004,07-10-2023,Online,1
339,1003,8238.12021,1001,17-10-2023,Card,1
340,1002,11456.21721,1003,14-10-2023,Cheque,1
341,1003,7143.200371,1004,05-10-2023,Cheque,1
342,1002,36821.99155,1001,23-09-2023,Cheque,1
343,1003,9623.94227,1002,22-09-2023,Cheque,1
344,1002,5853.53248,1002,24-09-2023,Online,1
345,1002,1884.905511,1002,19-10-2023,Cheque,1
346,1002,15078.40969,1004,26-09-2023,Online,1
347,1004,5332.703497,1002,10-10-2023,Cheque,1
348,1003,1888.620126,1003,13-10-2023,Cheque,1
349,1003,51400.99122,1003,02-10-2023,Card,1
350,1002,9877.191258,1001,13-10-2023,Card,1
351,1002,106965.871,1003,08-10-2023,Cash,1
352,1002,64966.89622,1001,29-09-2023,Cheque,1
353,1002,12234454433,1001,12-10-2023,Online,-1
354,1003,1386.327179,1004,07-10-2023,Cash,1
355,1001,3614.415639,1002,24-09-2023,Cash,1
356,1003,4883.889678,1003,25-09-2023,Cash,1
357,1001,35483.15374,1002,16-10-2023,Online,1
358,1004,13899.99408,1004,13-10-2023,Online,1
359,1002,3990.069638,1003,20-10-2023,Card,1
360,1004,15766.73786,1002,09-10-2023,Online,1
361,1004,2588.406271,1002,15-10-2023,Online,1
362,1001,1948.240409,1001,19-10-2023,Cash,1
363,1003,17665.75158,1001,11-10-2023,Cash,1
364,1004,55844.91263,1003,11-10-2023,Cheque,1
365,1002,5608.026211,1002,29-09-2023,Card,1
366,1001,73141.26508,1003,12-10-2023,Cash,1
367,1001,10486.72026,1001,22-09-2023,Card,1
368,1003,5611.75697,1002,26-09-2023,Cash,1
369,1002,47167.74633,1003,19-10-2023,Cheque,1
370,1002,6571.931685,1002,04-10-2023,Cheque,1
371,1002,4665.101568,1002,15-10-2023,Cash,1
372,1002,246.5122009,1002,28-09-2023,Cash,1
373,1001,1321.209493,1002,02-10-2023,Cheque,1
374,1001,6681.729424,1001,15-10-2023,Cash,1
375,1003,3578.602212,1003,17-10-2023,Card,1
376,1003,9471.284437,1002,03-10-2023,Cash,1
377,1002,1109.357686,1004,01-10-2023,Cash,1
378,1002,4849.823326,1002,10-10-2023,Online,1
379,1001,109065.6503,1004,23-09-2023,Cash,1
380,1003,117340.6757,1001,05-10-2023,Cash,1
381,1003,61719.83023,1002,19-10-2023,Online,1
382,1001,101816.8908,1001,12-10-2023,Online,1
383,1003,2300000000,1002,03-10-2023,Cheque,-1
384,1003,85117.17532,1001,10-10-2023,Cheque,1
385,1002,9884.951558,1001,05-10-2023,Online,1
386,1002,1378.654853,1001,24-09-2023,Card,1
387,1003,15186.03505,1003,24-09-2023,Card,1
388,1003,9282.438529,1001,02-10-2023,Card,1
389,1003,19669.84976,1001,03-10-2023,Online,1
390,1002,8059.619664,1002,30-09-2023,Online,1
391,1002,1009.41761,1001,19-10-2023,Cheque,1
392,1004,6045.169341,1004,02-10-2023,Cheque,1
393,1002,17867.67161,1002,13-10-2023,Cheque,1
394,1003,47862.20128,1003,07-10-2023,Cheque,1
395,1004,250.272498,1003,17-10-2023,Card,1
396,1004,35262.74013,1004,16-10-2023,Online,1
397,1004,10469.28554,1003,26-09-2023,Cheque,1
398,1004,509.5513562,1002,02-10-2023,Cash,1
399,1004,3503.216731,1002,24-09-2023,Online,1
400,1003,8988.544187,1001,19-10-2023,Online,1
401,1003,57273.88789,1004,29-09-2023,Cash,1
402,1002,6438.435247,1001,27-09-2023,Card,1
403,1002,4817.289246,1004,03-10-2023,Cash,1
404,1004,6716.632219,1002,01-10-2023,Online,1
405,1003,8660.456494,1004,22-09-2023,Cash,1
406,1001,1826.259891,1001,17-10-2023,Cheque,1
407,1002,86809.14525,1002,01-10-2023,Online,1
408,1004,427.5408376,1002,14-10-2023,Cash,1
409,1003,1553.25559,1003,26-09-2023,Cheque,1
410,1004,1196.653938,1002,24-09-2023,Cheque,1
411,1003,98981.73142,1002,18-10-2023,Cash,1
412,1003,1407.839226,1003,13-10-2023,Cheque,1
413,1003,194.3000216,1001,28-09-2023,Online,1
414,1001,22151.36934,1002,08-10-2023,Card,1
415,1002,2594.059758,1004,06-10-2023,Cash,1
416,1003,16291.41961,1003,10-10-2023,Online,1
417,1002,1476.889811,1004,20-10-2023,Cheque,1
418,1003,74703.07005,1002,05-10-2023,Cheque,1
419,1002,18896.76869,1001,03-10-2023,Cheque,1
420,1004,92986.08106,1003,04-10-2023,Cash,1
421,1004,85606.58045,1001,19-10-2023,Cash,1
422,1003,21972.7601,1002,16-10-2023,Card,1
423,1002,7691.844772,1002,13-10-2023,Online,1
424,1003,49039.3615,1004,17-10-2023,Cash,1
425,1001,1437.696233,1003,28-09-2023,Cheque,1
426,1003,4558.168291,1004,02-10-2023,Cash,1
427,1001,6250.283099,1001,14-10-2023,Cheque,1
428,1001,3461.558027,1001,02-10-2023,Cheque,1
429,1002,1293.268993,1003,02-10-2023,Cheque,1
430,1002,3236.568712,1004,14-10-2023,Card,1
431,1003,27454.83841,1003,13-10-2023,Online,1
432,1001,18334.14165,1001,23-09-2023,Card,1
433,1002,1408.658538,1001,28-09-2023,Online,1
434,1002,9073.9734,1004,25-09-2023,Card,1
435,1002,10367.76579,1003,29-09-2023,Online,1
436,1003,3815.584201,1002,27-09-2023,Card,1
437,1001,6162.701116,1001,24-09-2023,Cash,1
438,1001,8767.465606,1004,25-09-2023,Cheque,1
439,1003,3440.754706,1003,01-10-2023,Card,1
440,1004,1834.863369,1001,23-09-2023,Card,1
441,1003,6989.331253,1001,14-10-2023,Online,1
442,1004,4535.172075,1002,16-10-2023,Online,1
443,1001,40725.23381,1001,26-09-2023,Cheque,1
444,1002,1953.727138,1001,28-09-2023,Online,1
445,1001,3653.65065,1001,18-10-2023,Online,1
446,1003,95121.86862,1003,28-09-2023,Cheque,1
447,1002,6762.196971,1001,25-09-2023,Online,1
448,1002,1890.205051,1004,29-09-2023,Cheque,1
449,1002,61576.15658,1004,04-10-2023,Card,1
450,1004,2619.634522,1004,23-09-2023,Card,1
451,1001,119324.6139,1003,05-10-2023,Card,1
452,1003,30695.60947,1004,08-10-2023,Card,1
453,1004,1832.944783,1001,08-10-2023,Card,1
454,1004,36412.8573,1002,13-10-2023,Online,1
455,1004,1351.594849,1003,29-09-2023,Card,1
456,1001,17024.83689,1002,06-10-2023,Card,1
457,1004,1797.177558,1003,30-09-2023,Cash,1
458,1001,88219.38632,1003,10-10-2023,Card,1
459,1004,68435.46909,1002,07-10-2023,Cheque,1
460,1003,1570.257766,1002,28-09-2023,Cash,1
461,1001,3023.234218,1002,17-10-2023,Cash,1
462,1003,1603.50559,1001,08-10-2023,Cash,1
463,1001,15292.46461,1004,07-10-2023,Cheque,1
464,1002,249.1724877,1004,14-10-2023,Cash,1
465,1002,23913.94859,1002,08-10-2023,Cheque,1
466,1004,40984.85661,1001,20-10-2023,Cash,1
467,1004,169.0291705,1004,19-10-2023,Cheque,1
468,1001,2659.219325,1002,05-10-2023,Cash,1
469,1001,96028.19354,1003,28-09-2023,Card,1
470,1001,210.7775254,1001,24-09-2023,Cheque,1
471,1004,5481.043596,1001,02-10-2023,Cheque,1
472,1002,846.9369315,1001,14-10-2023,Card,1
473,1001,74659.31108,1003,12-10-2023,Card,1
474,1001,54610.8372,1004,26-09-2023,Cash,1
475,1004,17086.1536,1004,16-10-2023,Cash,1
476,1003,4057.431829,1004,13-10-2023,Cheque,1
477,1002,99936.76989,1002,08-10-2023,Online,1
478,1004,97754.23461,1004,14-10-2023,Card,1
479,1001,3506.030078,1004,22-09-2023,Online,1
480,1001,322.9501272,1004,17-10-2023,Cash,1
481,1003,770.3280527,1001,13-10-2023,Cash,1
482,1002,131.1379864,1004,07-10-2023,Cash,1
483,1003,1913.245176,1001,25-09-2023,Online,1
484,1003,10330.84984,1003,23-09-2023,Cash,1
485,1001,8080.805613,1003,03-10-2023,Cheque,1
486,1002,2477.914833,1003,26-09-2023,Card,1
487,1002,9970.471611,1002,03-10-2023,Card,1
488,1001,5514.442357,1001,19-10-2023,Cash,1
489,1001,6847.70594,1001,10-10-2023,Cheque,1
490,1001,19095.61714,1002,18-10-2023,Cash,1
491,1001,347.4983839,1001,14-10-2023,Cheque,1
492,1002,9151.245925,1003,27-09-2023,Card,1
493,1004,19500.61646,1002,25-09-2023,Online,1
494,1003,4309.846313,1004,08-10-2023,Cash,1
495,1002,4556.498621,1001,30-09-2023,Cheque,1
496,1004,1689.486655,1002,27-09-2023,Cash,1
497,1002,45955.78354,1001,23-09-2023,Cheque,1
498,1004,6729.40047,1001,28-09-2023,Online,1
499,1001,1940.255777,1003,11-10-2023,Cheque,1
500,1004,94769.17963,1001,02-10-2023,Cash,1
501,1004,7647.610177,1004,29-09-2023,Card,1
502,1001,1978.322016,1003,30-09-2023,Card,1
503,1004,9527.505234,1004,28-09-2023,Card,1
504,1002,49499.12094,1002,29-09-2023,Cheque,1
505,1001,985.4722552,1004,15-10-2023,Cheque,1
506,1002,76445.95095,1003,13-10-2023,Card,1
507,1004,89241.40282,1003,10-10-2023,Cheque,1
508,1001,6310.79192,1004,05-10-2023,Card,1
509,1001,17223.48928,1004,19-10-2023,Card,1
510,1002,38206.89376,1004,09-10-2023,Online,1
511,1002,112327.171,1001,05-10-2023,Online,1
512,1003,6099.07149,1003,09-10-2023,Cash,1
513,1003,116531.8414,1003,16-10-2023,Online,1
514,1001,3587.260166,1002,17-10-2023,Online,1
515,1004,1876.075322,1004,09-10-2023,Online,1
516,1002,7719.300269,1003,08-10-2023,Cash,1
517,1003,1149.470446,1001,28-09-2023,Card,1
518,1002,1946.814507,1001,01-10-2023,Online,1
519,1003,5209.199075,1002,11-10-2023,Online,1
520,1001,6630.808015,1004,16-10-2023,Cheque,1
521,1002,845.5108954,1003,20-10-2023,Card,1
522,1002,866.1645961,1001,17-10-2023,Card,1
523,1001,22363.26807,1001,15-10-2023,Cheque,1
524,1001,36589.7945,1004,01-10-2023,Card,1
525,1004,12994.73932,1002,02-10-2023,Card,1
526,1004,4453.106993,1003,11-10-2023,Online,1
527,1003,76264.86467,1001,15-10-2023,Cash,1
528,1004,9845.538165,1001,21-10-2023,Cheque,1
529,1004,6869.426416,1002,23-10-2023,Online,1
530,1004,515.8813529,1002,13-10-2023,Cash,1
531,1002,6370.199436,1004,02-10-2023,Cheque,1
532,1003,7446.77903,1004,08-10-2023,Cheque,1
533,1004,1496.843204,1003,16-10-2023,Card,1
534,1004,97318.15581,1001,13-10-2023,Online,1
535,1002,918.3760348,1003,02-10-2023,Cheque,1
536,1004,69303.38661,1003,23-10-2023,Cheque,1
537,1004,2733.116064,1002,03-10-2023,Online,1
538,1001,55874.74409,1002,23-10-2023,Cheque,1
539,1003,63569.86669,1003,30-09-2023,Cheque,1
540,1004,672.7380216,1001,15-10-2023,Online,1
541,1002,7285.227824,1003,04-10-2023,Cheque,1
542,1003,100287.3356,1002,10-10-2023,Online,1
543,1001,1005.054485,1003,15-10-2023,Card,1
544,1004,905.7395261,1004,20-10-2023,Cash,1
545,1001,1437.762043,1004,24-10-2023,Cheque,1
546,1004,1116.889258,1002,07-10-2023,Card,1
547,1001,1116.525996,1002,04-10-2023,Cash,1
548,1002,9106.760573,1001,16-10-2023,Cash,1
549,1001,77517.22494,1003,24-10-2023,Cheque,1
550,1004,16829.81691,1001,07-10-2023,Cash,1
551,1001,20665.91158,1004,16-10-2023,Online,1
552,1002,33400.69185,1004,14-10-2023,Card,1
553,1004,1849.021019,1004,03-10-2023,Cheque,1
554,1001,93085.42875,1004,07-10-2023,Cheque,1
555,1003,13772.63431,1004,14-10-2023,Cash,1
556,1001,34737.14599,1004,03-10-2023,Cash,1
557,1003,1713.073166,1004,13-10-2023,Online,1
558,1002,1663.600292,1001,03-10-2023,Card,1
559,1003,9846.164351,1003,26-10-2023,Cheque,1
560,1004,76792.54754,1001,02-10-2023,Cash,1
561,1003,3452.448715,1002,17-10-2023,Online,1
562,1002,80140.75254,1001,22-10-2023,Online,1
563,1001,1988.101491,1001,25-10-2023,Card,1
564,1003,9993.651897,1004,29-09-2023,Cash,1
565,1004,12420.04991,1003,17-10-2023,Cash,1
566,1004,44609.15879,1002,05-10-2023,Online,1
567,1002,864.3163795,1002,19-10-2023,Cheque,1
568,1004,1741.324645,1004,25-10-2023,Card,1
569,1004,1821.727368,1001,07-10-2023,Cash,1
570,1002,3672.239459,1001,15-10-2023,Online,1
571,1004,9115.225964,1001,24-10-2023,Online,1
572,1004,962.5581825,1001,18-10-2023,Card,1
573,1001,6634.118066,1004,26-10-2023,Cash,1
574,1001,1687.006406,1001,15-10-2023,Cheque,1
575,1001,676.1138385,1002,29-09-2023,Card,1
576,1003,4305.045461,1003,08-10-2023,Online,1
577,1003,22437.79014,1001,15-10-2023,Online,1
578,1002,5233.107204,1001,29-09-2023,Online,1
579,1004,2853.30286,1002,24-10-2023,Cheque,1
580,1003,909.5391397,1003,09-10-2023,Cheque,1
581,1001,66433.74284,1003,07-10-2023,Online,1
582,1001,82110.27362,1001,14-10-2023,Cash,1
583,1002,989.9828953,1002,21-10-2023,Cash,1
584,1003,7494.891914,1002,23-10-2023,Online,1
585,1002,2247.937221,1004,04-10-2023,Cash,1
586,1004,725.0535179,1002,04-10-2023,Card,1
587,1004,684.268741,1003,16-10-2023,Online,1
588,1001,644.6457263,1002,12-10-2023,Cheque,1
589,1001,6442.578616,1002,09-10-2023,Card,1
590,1004,9605.985546,1003,09-10-2023,Cash,1
591,1004,1646.348937,1001,13-10-2023,Cheque,1
592,1004,2157.187766,1001,08-10-2023,Card,1
593,1003,12541.29782,1004,09-10-2023,Online,1
594,1003,106376.9038,1002,09-10-2023,Cash,1
595,1001,481.5860368,1002,15-10-2023,Card,1
596,1001,199.6904083,1001,01-10-2023,Cash,1
597,1004,1616.677798,1004,08-10-2023,Card,1
598,1002,46605.32687,1001,09-10-2023,Online,1
599,1004,1251.586405,1002,21-10-2023,Card,1
600,1001,5976.446757,1003,28-09-2023,Cheque,1
601,1002,2365.616704,1003,02-10-2023,Card,1
602,1004,1776.727554,1003,12-10-2023,Online,1
603,1001,982.7614064,1001,16-10-2023,Cheque,1
604,1003,1781.585381,1004,28-09-2023,Card,1
605,1003,2221.379182,1004,21-10-2023,Online,1
606,1002,1354.551446,1002,23-10-2023,Card,1
607,1004,7951.72197,1002,25-10-2023,Cash,1
608,1002,111742.9395,1002,20-10-2023,Cheque,1
609,1002,4480.758135,1002,30-09-2023,Cheque,1
610,1003,50652.12117,1003,12-10-2023,Card,1
611,1004,2042.516841,1004,19-10-2023,Online,1
612,1003,84648363,1002,17-10-2023,Card,-1
613,1001,15692.44849,1004,18-10-2023,Online,1
614,1002,7507.56588,1004,28-09-2023,Online,1
615,1003,1903.572582,1001,13-10-2023,Card,1
616,1001,14545.1457,1002,13-10-2023,Online,1
617,1001,580.7673819,1002,10-10-2023,Card,1
618,1002,5538.500898,1003,03-10-2023,Online,1
619,1003,1175.643483,1003,15-10-2023,Cheque,1
620,1004,5126.031508,1003,28-09-2023,Card,1
621,1004,588.9581068,1004,03-10-2023,Card,1
622,1003,1024.124147,1001,07-10-2023,Online,1
623,1003,18463.06046,1002,21-10-2023,Cash,1
624,1003,1544.505203,1002,03-10-2023,Cheque,1
625,1001,65322.08862,1002,26-10-2023,Cash,1
626,1002,43476.97959,1002,08-10-2023,Cheque,1
627,1002,73053.78317,1001,20-10-2023,Online,1
628,1001,1392.192891,1002,20-10-2023,Card,1
629,1004,15029.41376,1004,01-10-2023,Card,1
630,1003,107829.7125,1002,22-10-2023,Cheque,1
631,1004,9971.770986,1002,18-10-2023,Card,1
632,1001,3602.092871,1002,14-10-2023,Online,1
633,1003,13371.89117,1001,12-10-2023,Cash,1
634,1003,1785.074494,1004,18-10-2023,Cash,1
635,1004,5341.759775,1003,20-10-2023,Cheque,1
636,1002,754.3633997,1002,16-10-2023,Cash,1
637,1001,470.7314654,1003,26-10-2023,Online,1
638,1003,83192.16962,1004,22-10-2023,Cheque,1
639,1003,1913.309872,1003,21-10-2023,Online,1
640,1001,1289.084224,1004,29-09-2023,Online,1
641,1002,19844.34195,1004,19-10-2023,Card,1
642,1004,3416.601196,1001,06-10-2023,Cheque,1
643,1002,283.7325719,1004,24-10-2023,Cheque,1
644,1002,11008.14032,1004,07-10-2023,Cheque,1
645,1002,138.7028503,1004,12-10-2023,Card,1
646,1001,167.9522204,1001,20-10-2023,Cheque,1
647,1001,706.9939914,1001,20-10-2023,Cheque,1
648,1002,907.2510274,1001,15-10-2023,Cash,1
649,1004,102.4473807,1001,08-10-2023,Card,1
650,1004,13884.3345,1002,07-10-2023,Card,1
651,1003,469.4972645,1002,25-10-2023,Cheque,1
652,1002,696.3270265,1002,06-10-2023,Online,1
653,1004,1040.812531,1004,14-10-2023,Cash,1
654,1003,34981.05329,1004,07-10-2023,Card,1
655,1002,8390.711521,1004,07-10-2023,Cheque,1
656,1002,20995.77328,1001,28-09-2023,Cheque,1
657,1003,16526.3637,1003,07-10-2023,Card,1
658,1002,50538.65463,1003,19-10-2023,Online,1
659,1004,110663.6994,1004,20-10-2023,Online,1
660,1004,7591.655603,1004,16-10-2023,Cheque,1
661,1003,9368.068207,1002,13-10-2023,Cheque,1
662,1001,1024.083489,1003,15-10-2023,Cheque,1
663,1004,9494.807578,1003,12-10-2023,Card,1
664,1001,8760.640316,1004,13-10-2023,Online,1
665,1002,19601.95245,1003,16-10-2023,Cheque,1
666,1001,28685.11154,1002,11-10-2023,Card,1
667,1002,691.9474747,1003,23-10-2023,Cash,1
668,1003,218.6201676,1004,05-10-2023,Card,1
669,1001,4080.963707,1001,22-10-2023,Cash,1
670,1004,449.9482777,1003,14-10-2023,Cheque,1
671,1004,85984.30803,1004,16-10-2023,Cheque,1
672,1003,823.1000457,1001,17-10-2023,Card,1
673,1001,1312.587205,1004,28-09-2023,Card,1
674,1004,606.837619,1002,06-10-2023,Online,1
675,1004,45310.14532,1002,17-10-2023,Online,1
676,1004,107716.536,1003,20-10-2023,Card,1
677,1001,1920.070004,1004,30-09-2023,Cash,1
678,1003,463.7658649,1003,11-10-2023,Cheque,1
679,1002,601.8030991,1001,16-10-2023,Online,1
680,1004,1373.30365,1004,08-10-2023,Cash,1
681,1004,19024.21228,1003,17-10-2023,Cheque,1
682,1003,48833.15555,1002,24-10-2023,Cash,1
683,1004,6526.442769,1003,13-10-2023,Card,1
684,1001,26809.41813,1003,10-10-2023,Online,1
685,1003,17451.40662,1002,05-10-2023,Cash,1
686,1002,8113.310232,1004,10-10-2023,Cheque,1
687,1002,692.2398644,1001,23-10-2023,Card,1
688,1004,1494.475065,1001,13-10-2023,Card,1
689,1004,6178.755542,1003,23-10-2023,Online,1
690,1002,687.2597967,1001,20-10-2023,Card,1
691,1002,3619.086332,1004,02-10-2023,Cash,1
692,1002,6243.129307,1004,01-10-2023,Cash,1
693,1002,90308.48525,1003,11-10-2023,Card,1
694,1001,204.6321997,1004,25-10-2023,Card,1
695,1004,60550.9939,1002,02-10-2023,Cheque,1
696,1001,23048.70987,1003,14-10-2023,Online,1
697,1001,13449.74003,1002,10-10-2023,Card,1
698,1004,5818.030984,1001,25-10-2023,Cheque,1
699,1001,6957.00965,1002,20-10-2023,Cash,1
700,1001,5436.592738,1004,09-10-2023,Cash,1
701,1003,1358.483458,1003,22-10-2023,Online,1
702,1001,69644.6475,1003,26-10-2023,Online,1
703,1002,2441.577466,1003,07-10-2023,Cash,1
704,1001,18221.54935,1002,12-10-2023,Online,1
705,1001,67314.47165,1003,06-10-2023,Card,1
706,1001,1677.023984,1003,03-10-2023,Cheque,1
707,1004,9970.769311,1001,13-10-2023,Cash,1
708,1002,1464.759386,1002,18-10-2023,Cash,1
709,1003,829.7489993,1004,29-09-2023,Cheque,1
710,1004,4331.343275,1003,10-10-2023,Card,1
711,1001,117176.2038,1004,02-10-2023,Cash,1
712,1003,98090.26071,1002,12-10-2023,Card,1
713,1001,786.4561074,1003,20-10-2023,Card,1
714,1003,7388.592184,1003,16-10-2023,Online,1
715,1002,489.9383089,1001,18-10-2023,Cash,1
716,1002,3488.788761,1002,09-10-2023,Cash,1
717,1004,67291.09719,1002,08-10-2023,Online,1
718,1001,16473.17613,1002,12-10-2023,Cheque,1
719,1003,73372912,1001,22-10-2023,Cash,-1
720,1003,11613.6412,1002,12-10-2023,Online,1
721,1001,48784.46737,1001,23-10-2023,Card,1
722,1001,1302.803672,1004,19-10-2023,Cheque,1
723,1001,66590.74437,1001,07-10-2023,Cheque,1
724,1002,2140.836668,1004,01-10-2023,Cheque,1
725,1003,24173.5119,1003,15-10-2023,Cash,1
726,1004,4532.192494,1004,25-10-2023,Cheque,1
727,1001,1771.849888,1004,29-09-2023,Card,1
728,1001,1476.783652,1003,02-10-2023,Cheque,1
729,1002,1452.387707,1002,29-09-2023,Card,1
730,1003,6263.115995,1002,22-10-2023,Cash,1
731,1001,52875.17071,1002,08-10-2023,Cash,1
732,1001,561.4815089,1001,24-10-2023,Online,1
733,1003,68183.5196,1003,10-10-2023,Online,1
734,1003,889.8241528,1002,24-10-2023,Card,1
735,1003,9953.362298,1003,06-10-2023,Online,1
736,1002,989.5115123,1001,26-10-2023,Card,1
737,1002,456.4576757,1002,18-10-2023,Online,1
738,1002,232.9790416,1004,20-10-2023,Online,1
739,1001,9277.923511,1001,26-10-2023,Cash,1
740,1004,20000,1002,20-10-2023,Online,1
741,1003,75495.80889,1001,14-10-2023,Cash,1
742,1004,7764.803576,1004,02-10-2023,Online,1
743,1004,300000,1002,13-10-2023,Card,1
744,1001,837.0249714,1004,04-10-2023,Cheque,1
745,1001,5365.187641,1004,10-10-2023,Online,1
746,1003,7032.302347,1003,17-10-2023,Cash,1
747,1003,19350.96187,1003,17-10-2023,Cheque,1
748,1004,400000,1004,19-10-2023,Card,1
749,1001,18069.18933,1004,20-10-2023,Card,1
750,1002,67867.4807,1004,15-10-2023,Online,1
751,1003,18449.95071,1004,29-09-2023,Cheque,1
752,1004,18386.59665,1004,09-10-2023,Online,1
753,1003,99513.94258,1002,27-10-2023,Online,1
754,1004,200000,1004,29-09-2023,Cheque,1
755,1004,6225.288627,1001,24-10-2023,Card,1
756,1002,1940.087272,1001,01-10-2023,Card,1
757,1002,1859.616806,1004,10-10-2023,Card,1
758,1001,108162.5145,1004,15-10-2023,Cheque,1
759,1002,1189.059119,1003,18-10-2023,Card,1
760,1002,437.8984013,1004,27-10-2023,Cash,1
761,1001,1055.872702,1004,06-10-2023,Cash,1
762,1003,10772.19173,1002,05-10-2023,Card,1
763,1003,3509.909803,1001,16-10-2023,Cheque,1
764,1001,109631.5896,1002,24-10-2023,Card,1
765,1003,6494.487851,1001,06-10-2023,Online,1
766,1002,106.2628811,1001,16-10-2023,Cheque,1
767,1003,2521.094145,1004,01-10-2023,Cheque,1
768,1002,657.7043939,1001,01-10-2023,Cheque,1
769,1001,1343.423061,1003,10-10-2023,Cheque,1
770,1003,9985.306746,1004,22-10-2023,Cheque,1
771,1001,37766.6247,1003,23-10-2023,Card,1
772,1003,705.390898,1004,11-10-2023,Cash,1
773,1003,9582.016493,1002,30-09-2023,Online,1
774,1001,5957.456849,1004,18-10-2023,Cheque,1
775,1002,17773.32209,1002,25-10-2023,Online,1
776,1003,84632.30024,1001,14-10-2023,Cheque,1
777,1004,500000,1002,03-10-2023,Cash,1
778,1001,9574.318329,1002,22-10-2023,Online,1
779,1004,1178.45433,1001,10-10-2023,Card,1
780,1001,88568.4137,1004,13-10-2023,Card,1
781,1001,3167.708588,1002,20-10-2023,Online,1
782,1003,9289.350456,1002,30-09-2023,Card,1
783,1002,4414.703992,1001,03-10-2023,Card,1
784,1001,36200.38454,1002,03-10-2023,Online,1
785,1003,114829.9808,1001,01-10-2023,Card,1
786,1003,6765.403078,1004,30-09-2023,Cash,1
787,1002,9559.838193,1001,27-10-2023,Card,1
788,1003,11846.08372,1002,05-10-2023,Cash,1
789,1002,7648.600963,1003,21-10-2023,Card,1
790,1001,16705.66613,1003,10-10-2023,Card,1
791,1002,1751.5347,1003,18-10-2023,Cash,1
792,1001,8696.052339,1002,01-10-2023,Cash,1
793,1003,3809.210088,1001,02-10-2023,Cheque,1
794,1003,97689.19686,1001,24-10-2023,Cheque,1
795,1001,3091.979389,1002,05-10-2023,Online,1
796,1003,1817.940087,1003,25-10-2023,Cheque,1
797,1004,1531.617424,1003,10-10-2023,Cash,1
798,1003,1531.146531,1002,13-10-2023,Cheque,1
799,1003,1481.146772,1001,20-10-2023,Cheque,1
800,1002,8181.558091,1001,07-10-2023,Card,1
801,1004,51499.96335,1004,17-10-2023,Card,1
802,1003,1955.452678,1003,02-10-2023,Cash,1
803,1002,19020.66344,1002,26-10-2023,Cheque,1
804,1003,1917.44401,1002,10-10-2023,Cheque,1
805,1001,15209.40446,1003,19-10-2023,Online,1
806,1004,7585.951382,1002,22-10-2023,Cheque,1
807,1002,882.5787275,1004,13-10-2023,Card,1
808,1003,87572.76755,1003,12-10-2023,Cash,1
809,1003,1156.679544,1001,29-09-2023,Cash,1
810,1001,903.0347614,1004,06-10-2023,Online,1
811,1003,1266.236302,1002,04-10-2023,Cheque,1
812,1001,91230.09637,1004,17-10-2023,Cash,1
813,1001,1414.225734,1002,17-10-2023,Online,1
814,1003,7782.09339,1004,13-10-2023,Online,1
815,1004,6711.880608,1004,14-10-2023,Online,1
816,1001,1169.923903,1003,24-10-2023,Cheque,1
817,1004,57941.4405,1001,08-10-2023,Card,1
818,1003,11348.42659,1002,23-10-2023,Cheque,1
819,1004,1763.156118,1002,07-10-2023,Card,1
820,1002,13456.80793,1003,17-10-2023,Cash,1
821,1003,1158.58113,1004,09-10-2023,Card,1
822,1003,17864.09667,1001,06-10-2023,Online,1
823,1001,13646.91388,1004,17-10-2023,Cheque,1
824,1004,114299.9965,1004,17-10-2023,Cash,1
825,1001,3876.42393,1003,24-10-2023,Card,1
826,1002,163.2420466,1003,13-10-2023,Cheque,1
827,1003,994.5688394,1004,21-10-2023,Online,1
828,1004,9190.008815,1003,03-10-2023,Cheque,1
829,1003,1723.960804,1002,02-10-2023,Online,1
830,1002,9050.873911,1004,14-10-2023,Card,1
831,1002,32000000,1003,07-10-2023,Cash,-1
832,1004,9566.073177,1001,26-10-2023,Cash,1
833,1001,9394.556902,1002,14-10-2023,Online,1
834,1003,763.7548094,1004,13-10-2023,Cheque,1
835,1004,232.8416609,1003,05-10-2023,Online,1
836,1003,12860.02734,1003,06-10-2023,Cash,1
837,1002,486.8589766,1001,27-10-2023,Card,1
838,1002,25474.80669,1002,19-10-2023,Cheque,1
839,1001,39093.89867,1002,07-10-2023,Online,1
840,1003,101574.5217,1004,07-10-2023,Cash,1
841,1001,243.3537779,1001,04-10-2023,Cheque,1
842,1003,7038.228287,1001,04-10-2023,Cheque,1
843,1001,1473.020325,1003,03-10-2023,Online,1
844,1004,8125.971484,1004,23-10-2023,Online,1
845,1002,32785.80364,1004,12-10-2023,Cheque,1
846,1002,8039.991846,1003,06-10-2023,Cheque,1
847,1001,3967.753174,1003,26-10-2023,Card,1
848,1001,1278.338015,1001,09-10-2023,Cash,1
849,1002,1426.969938,1001,02-10-2023,Cash,1
850,1004,803.0447469,1002,11-10-2023,Online,1
851,1004,1323.195949,1004,30-09-2023,Cash,1
852,1001,1298.798714,1003,05-10-2023,Cheque,1
853,1004,698.4018683,1002,07-10-2023,Card,1
854,1001,302.9374203,1001,02-10-2023,Cheque,1
855,1001,11097.69835,1001,12-10-2023,Online,1
856,1004,16878.05317,1004,02-10-2023,Online,1
857,1001,836.6107292,1002,24-10-2023,Cheque,1
858,1001,3218.961462,1004,12-10-2023,Online,1
859,1003,6722.958591,1002,14-10-2023,Cheque,1
860,1002,87690.27239,1002,26-10-2023,Card,1
861,1003,629.2484201,1001,07-10-2023,Card,1
862,1002,13385.06521,1003,06-10-2023,Cheque,1
863,1004,13849.2754,1004,24-10-2023,Online,1
864,1003,1483.603942,1004,21-10-2023,Card,1
865,1001,5077.245983,1001,24-10-2023,Cheque,1
866,1002,4608.448065,1003,17-10-2023,Cheque,1
867,1004,8199.843842,1001,14-10-2023,Online,1
868,1001,6929.303837,1003,05-10-2023,Cheque,1
869,1001,13274.59543,1003,29-09-2023,Cheque,1
870,1004,12483.04749,1002,17-10-2023,Online,1
871,1001,16679.10263,1002,22-10-2023,Cash,1
872,1002,5179.583121,1001,25-10-2023,Online,1
873,1001,2915.521067,1004,03-10-2023,Cheque,1
874,1002,13443.33611,1001,26-10-2023,Cash,1
875,1002,1092.382956,1003,18-10-2023,Cash,1
876,1003,189.2353091,1002,30-09-2023,Online,1
877,1001,508.0984226,1003,20-10-2023,Card,1
878,1001,91552.88966,1002,16-10-2023,Online,1
879,1001,81585.09928,1001,08-10-2023,Card,1
880,1004,275.4475105,1001,13-10-2023,Online,1
881,1001,4853.790816,1003,20-10-2023,Online,1
882,1004,37895.0229,1001,13-10-2023,Online,1
883,1003,6506.951728,1002,09-10-2023,Cheque,1
884,1004,7575.453819,1001,03-10-2023,Cash,1
885,1002,9209.135725,1004,17-10-2023,Cheque,1
886,1001,872.3838355,1003,07-10-2023,Cheque,1
887,1003,113291.1421,1003,22-10-2023,Cheque,1
888,1002,1166.86559,1001,07-10-2023,Online,1
889,1002,62097.03375,1001,30-09-2023,Cash,1
890,1004,4580.929383,1003,05-10-2023,Online,1
891,1001,109548.0451,1002,06-10-2023,Cheque,1
892,1004,68126.36267,1004,05-10-2023,Cheque,1
893,1001,23894.02795,1004,13-10-2023,Cash,1
894,1001,6377.244681,1003,23-10-2023,Online,1
895,1003,2435.846031,1003,16-10-2023,Card,1
896,1001,8900.256841,1002,09-10-2023,Cash,1
897,1003,106865.205,1002,27-10-2023,Card,1
898,1001,88184.91958,1002,30-09-2023,Card,1
899,1002,8546.142453,1004,30-09-2023,Card,1
900,1004,12544.08116,1004,12-10-2023,Online,1
901,1003,2342.782608,1001,04-10-2023,Online,1
902,1004,7588.407667,1003,07-10-2023,Cash,1
903,1001,523728191,1001,05-10-2023,Card,-1
904,1004,1954.781892,1002,20-10-2023,Cheque,1
905,1001,305.6154626,1002,13-10-2023,Cheque,1
906,1001,9181.995369,1002,17-10-2023,Cheque,1
907,1004,7843.953617,1004,05-10-2023,Online,1
908,1001,62216.93405,1003,07-10-2023,Cheque,1
909,1003,8837.655615,1003,21-10-2023,Online,1
910,1001,124.0574484,1001,08-10-2023,Card,1
911,1004,17809.21541,1002,25-10-2023,Online,1
912,1001,73546.03409,1002,07-10-2023,Cheque,1
913,1001,520.4631983,1003,11-10-2023,Card,1
914,1004,8682.473203,1003,05-10-2023,Cash,1
915,1004,7406.873876,1001,16-10-2023,Cash,1
916,1002,7908.107212,1004,11-10-2023,Online,1
917,1003,1121.475825,1001,30-09-2023,Cash,1
918,1001,78013.53785,1001,12-10-2023,Online,1
919,1002,1029.901897,1002,17-10-2023,Card,1
920,1003,16869.92566,1002,09-10-2023,Online,1
921,1001,6806.507098,1002,26-10-2023,Cash,1
922,1001,15807.64844,1004,02-10-2023,Cash,1
923,1004,1893.029949,1004,09-10-2023,Cash,1
924,1001,283.6710264,1002,16-10-2023,Cheque,1
925,1002,7465.006931,1001,10-10-2023,Card,1
926,1003,1099.584337,1004,11-10-2023,Online,1
927,1003,9550.712849,1002,10-10-2023,Online,1
928,1002,14543.25795,1003,17-10-2023,Cash,1
929,1004,2200.243714,1001,11-10-2023,Card,1
930,1002,11486.6255,1002,10-10-2023,Card,1
931,1004,800.6235628,1003,09-10-2023,Online,1
932,1003,9634.619807,1002,07-10-2023,Online,1
933,1004,1845.249699,1004,25-10-2023,Online,1
934,1004,2211.601137,1004,04-10-2023,Cash,1
935,1002,1773.908167,1004,25-10-2023,Cheque,1
936,1003,762.5518729,1001,03-10-2023,Cheque,1
937,1004,48110.97516,1001,25-10-2023,Cash,1
938,1002,19077.30856,1004,05-10-2023,Card,1
939,1001,7574.692403,1002,23-10-2023,Online,1
940,1001,8800.401738,1001,29-09-2023,Cash,1
941,1001,15944.77791,1001,09-10-2023,Card,1
942,1003,1029.112102,1002,06-10-2023,Card,1
943,1003,46169.12828,1004,09-10-2023,Online,1
944,1003,1997.559998,1002,16-10-2023,Cash,1
945,1001,1755.836026,1001,21-10-2023,Cash,1
946,1001,1084.116691,1002,17-10-2023,Cash,1
947,1003,10008.46528,1003,02-10-2023,Cash,1
948,1001,4345.52945,1001,12-10-2023,Cheque,1
949,1004,438.1351028,1003,09-10-2023,Card,1
950,1004,82009.55439,1003,25-10-2023,Card,1
951,1004,79806.87328,1001,08-10-2023,Card,1
952,1004,66802.25172,1002,14-10-2023,Cheque,1
953,1002,8880.17846,1003,20-10-2023,Cheque,1
954,1002,13708.13313,1001,09-10-2023,Online,1
955,1002,15330.27744,1004,14-10-2023,Cash,1
956,1004,4030.883372,1002,16-10-2023,Cash,1
957,1004,618.0292263,1001,13-10-2023,Card,1
958,1001,4509.480432,1004,03-10-2023,Cash,1
959,1003,74586.6519,1003,21-10-2023,Online,1
960,1003,3528.326277,1003,05-10-2023,Online,1
961,1001,1298.792777,1004,19-10-2023,Card,1
962,1002,4631.435665,1002,24-10-2023,Cheque,1
963,1001,110520.7463,1002,17-10-2023,Cheque,1
964,1003,106750.2705,1002,03-10-2023,Cash,1
965,1003,4324.531634,1002,09-10-2023,Cash,1
966,1004,1645.358173,1003,05-10-2023,Card,1
967,1002,1618.75016,1002,06-10-2023,Cheque,1
968,1004,8555.816825,1004,13-10-2023,Cash,1
969,1001,1199.45779,1004,06-10-2023,Cheque,1
970,1003,13803.04488,1003,14-10-2023,Cheque,1
971,1001,967.1682797,1003,02-10-2023,Card,1
972,1003,1387.316555,1001,15-10-2023,Cheque,1
973,1002,1255.282852,1003,04-10-2023,Cheque,1
974,1002,871.5726309,1003,18-10-2023,Cheque,1
975,1002,10341.99328,1002,13-10-2023,Card,1
976,1002,23066.5534,1003,04-10-2023,Card,1
977,1003,7686.867582,1002,13-102023,Cash,1
978,1001,6024.520867,1001,06-10-2023,Cash,1
979,1001,5193.376643,1004,29-09-2023,Online,1
980,1001,1536.742621,1003,20-10-2023,Card,1
981,1002,43931.65864,1003,07-10-2023,Online,1
982,1003,1902.844253,1003,06-10-2023,Card,1
983,1001,10721.02765,1001,29-09-2023,Card,1
984,1002,30410.62925,1004,22-10-2023,Cash,1
985,1002,74088.96429,1004,11-10-2023,Cheque,1
986,1002,1248.928544,1003,02-10-2023,Online,1
987,1003,8287.245628,1003,13-10-2023,Cheque,1
988,1002,111565.3368,1001,20-10-2023,Online,1
989,1004,8699.999442,1004,10-10-2023,Cash,1
990,1004,12079.34251,1001,11-10-2023,Cash,1
991,1004,2810.049,1003,06-10-2023,Card,1
992,1003,18290.55871,1004,13-10-2023,Cash,1
993,1002,24052.61606,1003,20-10-2023,Cash,1
994,1001,15005.31754,1003,03-10-2023,Card,1
995,1004,4423.559752,1001,10-10-2023,Cheque,1
996,1001,96968.59725,1003,06-10-2023,Online,1
997,1003,7753.94586,1001,13-10-2023,Cheque,-1
998,1004,16226.28927,1004,25-10-2023,Online,1
999,1002,1133.631009,1003,14-10-2023,Cash,1
1000,1001,6027.227332,1002,25-10-2023,Cash,1
