TransactionID,SenderID,ReceiverID,Amount,RemainingBalance,Date,Time,Password,IsAnomaly
1,4,4,986.2099995200517,2207.753179366613,2023-12-03,2023-01-01 05:17:00,password,1
2,4,1,724.406822873303,2469.5563560133614,2023-03-23,2023-01-01 04:42:00,password,1
3,5,1,579.5125018701307,622.5713801208336,2023-08-07,2023-01-01 04:29:00,password,1
4,4,5,590.0978770640739,2603.8653018225905,2023-01-03,2023-01-01 04:47:00,password,1
5,3,4,549.1174960945402,3244.855242056783,2023-06-28,2023-01-01 06:16:00,password,1
6,1,3,901.7590542174671,1283.671480595664,2023-12-13,2023-01-01 07:18:00,password,1
7,5,3,561.0152471609243,641.06863483004,2023-10-07,2023-01-01 03:14:00,password,1
8,3,4,562.5626285708735,3231.4101095804494,2023-05-27,2023-01-01 00:51:00,password,1
9,2,2,723.1843232562928,4055.03005558833,2023-12-25,2023-01-01 02:34:00,password,1
10,1,1,974.2916774257169,1211.1388573874142,2023-11-05,2023-01-01 00:11:00,password,1
11,4,5,925.2358073804188,2268.7273715062456,2023-11-15,2023-01-01 01:43:00,password,1
12,1,2,672.3020422237798,1513.1284925893513,2023-08-13,2023-01-01 06:52:00,password,1
13,2,1,515.4289521540362,4262.785426690587,2023-03-04,2023-01-01 06:51:00,password,1
14,5,5,525.9476497592054,676.1362322317589,2023-10-22,2023-01-01 05:32:00,password,1
15,5,4,571.0852233519478,630.9986586390165,2023-08-28,2023-01-01 00:51:00,password,1
16,5,1,606.6966739878447,595.3872080031196,2023-07-15,2023-01-01 00:53:00,password,1
17,4,4,10.078710578589627,3183.8844683080747,2023-10-23,2023-01-01 16:49:00,password,0
18,3,3,832.5730971192027,2961.3996410321206,2023-06-16,2023-01-01 06:00:00,password,1
19,3,2,578.6631400009142,3215.309598150409,2023-08-11,2023-01-01 03:34:00,password,1
20,1,3,559.437195588536,1625.993339224595,2023-03-03,2023-01-01 02:33:00,password,1
21,4,4,90.77601571302965,3103.187163173635,2023-10-16,2023-01-01 10:51:00,password,0
22,5,4,882.3595707381396,319.7243112528247,2023-05-10,2023-01-01 07:08:00,password,1
23,5,5,78.34830899664905,1123.7355729943151,2023-05-06,2023-01-01 11:15:00,password,0
24,2,1,835.5276419299572,3942.6867369146657,2023-06-23,2023-01-01 07:14:00,password,1
25,2,4,717.662110727618,4060.552268117005,2023-06-06,2023-01-01 03:32:00,password,1
26,5,1,774.6548857400519,427.4289962509124,2023-04-21,2023-01-01 04:13:00,password,1
27,5,5,655.9920101632092,546.0918718277551,2023-09-27,2023-01-01 00:56:00,password,1
28,4,4,91.60615903502156,3102.357019851643,2023-09-05,2023-01-01 09:13:00,password,0
29,3,2,741.2502101176804,3052.7225280336424,2023-12-23,2023-01-01 07:07:00,password,1
30,2,5,753.3363244913729,4024.87805435325,2023-10-06,2023-01-01 02:11:00,password,1
31,3,3,56.76553356670839,3737.207204584615,2023-01-21,2023-01-01 15:40:00,password,0
32,4,4,94.07321080332007,3099.8899680833447,2023-06-20,2023-01-01 12:06:00,password,0
33,5,5,693.6186355890479,508.4652464019164,2023-03-16,2023-01-01 00:42:00,password,1
34,3,4,953.2861053360814,2840.686632815242,2023-07-27,2023-01-01 07:41:00,password,1
35,5,2,508.03093249050306,694.0529495004612,2023-10-07,2023-01-01 05:50:00,password,1
36,5,1,891.0856315456231,310.9982504453412,2023-11-23,2023-01-01 02:38:00,password,1
37,1,1,82.24330809865158,2103.1872267144795,2023-01-11,2023-01-01 09:34:00,password,0
38,3,1,562.1914156206622,3231.781322530661,2023-12-07,2023-01-01 02:30:00,password,1
39,3,3,898.7736802685997,2895.1990578827235,2023-12-24,2023-01-01 00:32:00,password,1
40,5,1,807.9559578383606,394.12792415260367,2023-12-07,2023-01-01 07:57:00,password,1
41,4,4,921.6390454682012,2272.324133418463,2023-07-24,2023-01-01 04:20:00,password,1
42,1,5,548.7571628204487,1636.6733719926824,2023-06-11,2023-01-01 04:39:00,password,1
43,5,5,779.490317049887,422.59356494107726,2023-01-29,2023-01-01 06:55:00,password,1
44,2,5,750.5439401310986,4027.670438713524,2023-09-15,2023-01-01 05:21:00,password,1
45,2,2,853.0965914816793,3925.1177873629435,2023-06-15,2023-01-01 01:37:00,password,1
46,1,1,767.145275946838,1418.2852588662931,2023-03-05,2023-01-01 04:44:00,password,1
47,4,4,770.367283566552,2423.5958953201125,2023-01-23,2023-01-01 07:50:00,password,1
48,5,2,714.7979717880323,487.285910202932,2023-03-12,2023-01-01 05:07:00,password,1
49,3,3,654.4172120036704,3139.5555261476525,2023-04-07,2023-01-01 00:48:00,password,1
50,1,4,741.1321806260961,1444.2983541870349,2023-06-13,2023-01-01 02:50:00,password,1
51,4,4,559.2461793842003,2634.716999502464,2023-03-21,2023-01-01 02:23:00,password,1
52,3,4,980.7566694915424,2813.216068659781,2023-01-06,2023-01-01 00:20:00,password,1
53,2,5,857.2053818132991,3921.008997031324,2023-11-13,2023-01-01 02:01:00,password,1
54,2,4,976.2335583439234,3801.9808205006993,2023-05-01,2023-01-01 06:39:00,password,1
55,3,1,613.3636911649817,3180.609046986341,2023-10-30,2023-01-01 02:38:00,password,1
56,1,4,939.670510088264,1245.760024724867,2023-06-28,2023-01-01 03:58:00,password,1
57,2,5,904.3949922817692,3873.8193865628537,2023-06-26,2023-01-01 00:05:00,password,1
58,5,5,84.81945308159229,1117.264428909372,2023-07-15,2023-01-01 13:07:00,password,0
59,3,4,838.5762062288368,2955.3965319224862,2023-08-06,2023-01-01 02:55:00,password,1
60,3,3,812.5145930426029,2981.45814510872,2023-02-26,2023-01-01 05:27:00,password,1
61,2,3,658.274832633935,4119.939546210688,2023-07-07,2023-01-01 01:37:00,password,1
62,1,5,908.2053924825154,1277.2251423306157,2023-08-21,2023-01-01 06:36:00,password,1
63,5,1,750.7577307398669,451.3261512510974,2023-09-13,2023-01-01 02:51:00,password,1
64,1,1,535.4457879456427,1649.9847468674884,2023-04-15,2023-01-01 03:21:00,password,1
65,4,2,656.431580427565,2537.5315984590998,2023-03-19,2023-01-01 01:48:00,password,1
66,4,5,967.6485492726638,2226.3146296140008,2023-08-19,2023-01-01 02:35:00,password,1
67,2,4,925.3401303024232,3852.8742485422,2023-09-16,2023-01-01 01:12:00,password,1
68,2,5,990.9528490382695,3787.2615298063533,2023-09-22,2023-01-01 03:57:00,password,1
69,2,2,813.996691302049,3964.217687542574,2023-11-28,2023-01-01 07:16:00,password,1
70,4,5,623.755036570206,2570.2081423164586,2023-07-02,2023-01-01 00:35:00,password,1
71,1,5,581.4075248384319,1604.023009974699,2023-09-14,2023-01-01 06:59:00,password,1
72,1,1,39.156233751451694,2146.2743010616796,2023-02-17,2023-01-01 13:10:00,password,0
73,2,2,593.4572203042308,4184.757158540392,2023-02-08,2023-01-01 05:18:00,password,1
74,5,5,57.28350809124588,1144.8003738997184,2023-01-02,2023-01-01 16:32:00,password,0
75,1,1,28.608263906626007,2156.822270906505,2023-07-15,2023-01-01 14:36:00,password,0
76,4,1,509.8978291736272,2684.0653497130374,2023-06-26,2023-01-01 01:59:00,password,1
77,3,4,695.3410554929696,3098.6316826583534,2023-01-28,2023-01-01 02:45:00,password,1
78,3,2,595.7138402497712,3198.258897901552,2023-10-04,2023-01-01 07:55:00,password,1
79,3,3,85.77610489593116,3708.196633255392,2023-06-05,2023-01-01 16:17:00,password,0
80,5,3,705.8277302283512,496.25615176261306,2023-05-21,2023-01-01 02:27:00,password,1
81,2,1,967.4972159193827,3810.7171629252402,2023-10-27,2023-01-01 00:41:00,password,1
82,4,3,715.270104753595,2478.69307413307,2023-10-15,2023-01-01 01:47:00,password,1
83,5,1,938.9922484924174,263.0916334985469,2023-04-02,2023-01-01 07:32:00,password,1
84,4,4,802.7523833079383,2391.210795578726,2023-03-03,2023-01-01 06:11:00,password,1
85,4,4,623.5657773306959,2570.397401555969,2023-12-14,2023-01-01 07:23:00,password,1
86,2,5,677.9273796296056,4100.286999215017,2023-06-13,2023-01-01 07:49:00,password,1
87,3,3,541.9597679107147,3252.0129702406084,2023-12-18,2023-01-01 03:37:00,password,1
88,2,1,666.7312967980052,4111.483082046618,2023-05-24,2023-01-01 03:26:00,password,1
89,5,4,838.7704727517671,363.3134092391972,2023-09-11,2023-01-01 00:46:00,password,1
90,5,2,536.0555464647176,666.0283355262467,2023-09-27,2023-01-01 07:55:00,password,1
91,5,4,602.7007042390146,599.3831777519497,2023-10-19,2023-01-01 03:30:00,password,1
92,2,2,690.7205207066557,4087.493858137967,2023-07-07,2023-01-01 07:54:00,password,1
93,4,1,991.0247685079812,2202.9384103786833,2023-11-01,2023-01-01 05:44:00,password,1
94,4,4,892.43091147944,2301.5322674072245,2023-10-19,2023-01-01 00:33:00,password,1
95,1,4,866.743373246052,1318.687161567079,2023-03-28,2023-01-01 02:57:00,password,1
96,5,5,65.12132193359487,1136.9625600573695,2023-12-15,2023-01-01 15:16:00,password,0
97,4,1,558.095478262723,2635.8677006239413,2023-06-16,2023-01-01 07:53:00,password,1
98,1,4,890.4979468074957,1294.9325880056354,2023-04-25,2023-01-01 01:08:00,password,1
99,4,2,892.6344057580076,2301.328773128657,2023-12-23,2023-01-01 01:19:00,password,1
100,5,4,800.5513478121641,401.53253417880023,2023-07-03,2023-01-01 07:39:00,password,1
101,3,3,995.180890999186,2798.791847152137,2023-07-27,2023-01-01 01:18:00,password,1
102,5,5,84.60885101913699,1117.4750309718272,2023-01-29,2023-01-01 13:52:00,password,0
103,2,5,662.6269529622759,4115.587425882347,2023-09-14,2023-01-01 02:23:00,password,1
104,4,2,970.6362241209258,2223.3269547657387,2023-08-24,2023-01-01 04:02:00,password,1
105,4,3,957.3655574782517,2236.597621408413,2023-12-22,2023-01-01 01:26:00,password,1
106,2,1,505.74032987468894,4272.474048969934,2023-01-04,2023-01-01 07:48:00,password,1
107,2,2,725.0582632374055,4053.1561156072175,2023-07-28,2023-01-01 06:34:00,password,1
108,3,5,988.5521165257867,2805.420621625536,2023-07-17,2023-01-01 03:40:00,password,1
109,4,5,551.5606812040379,2642.4024976826267,2023-12-08,2023-01-01 04:43:00,password,1
110,4,1,773.8923471916597,2420.070831695005,2023-05-06,2023-01-01 01:46:00,password,1
111,3,1,989.4787535205521,2804.4939846307707,2023-05-19,2023-01-01 01:22:00,password,1
112,1,1,794.2063166703027,1391.2242181428282,2023-08-06,2023-01-01 06:40:00,password,1
113,3,2,777.7477120529301,3016.225026098393,2023-12-06,2023-01-01 06:49:00,password,1
114,5,4,594.907651486078,607.1762305048863,2023-01-26,2023-01-01 03:11:00,password,1
115,4,1,791.0916150462949,2402.8715638403696,2023-03-10,2023-01-01 06:03:00,password,1
116,2,4,602.2202869747734,4175.994091869849,2023-03-03,2023-01-01 06:47:00,password,1
117,5,3,759.8521314472421,442.2317505437222,2023-01-30,2023-01-01 06:47:00,password,1
118,4,4,70.33542516730436,3123.62775371936,2023-12-19,2023-01-01 13:15:00,password,0
119,3,5,537.021108956174,3256.951629195149,2023-01-20,2023-01-01 00:53:00,password,1
120,5,4,802.7413346072024,399.34254738376194,2023-06-21,2023-01-01 00:01:00,password,1
121,4,4,33.33847293780805,3160.6247059488564,2023-04-12,2023-01-01 12:12:00,password,0
122,1,5,758.394969564079,1427.035565249052,2023-03-16,2023-01-01 05:02:00,password,1
123,1,4,870.0806843807316,1315.3498504323995,2023-03-03,2023-01-01 01:20:00,password,1
124,2,3,815.3502355793926,3962.8641432652303,2023-06-03,2023-01-01 00:19:00,password,1
125,4,1,774.8031342653783,2419.160044621286,2023-10-04,2023-01-01 00:51:00,password,1
126,1,3,844.8894246240606,1340.5411101890704,2023-02-18,2023-01-01 05:20:00,password,1
127,3,1,571.9709567861154,3222.0017813652075,2023-07-31,2023-01-01 05:32:00,password,1
128,4,1,797.679830629302,2396.2833482573624,2023-12-10,2023-01-01 03:37:00,password,1
129,3,5,586.0553014113889,3207.917436739934,2023-05-20,2023-01-01 04:14:00,password,1
130,3,3,32.93252565962145,3761.0402124917014,2023-01-16,2023-01-01 17:40:00,password,0
131,1,3,962.7611039259405,1222.6694308871906,2023-04-21,2023-01-01 01:57:00,password,1
132,4,4,534.167052422802,2659.7961264638625,2023-07-03,2023-01-01 05:51:00,password,1
133,5,3,715.1873748453966,486.89650714556774,2023-01-29,2023-01-01 06:45:00,password,1
134,1,5,847.8987388277224,1337.5317959854087,2023-07-17,2023-01-01 00:20:00,password,1
135,1,1,729.0111058341294,1456.4194289790016,2023-07-11,2023-01-01 07:56:00,password,1
136,4,5,546.0476266164512,2647.915552270213,2023-11-12,2023-01-01 01:04:00,password,1
137,4,2,776.6895080633537,2417.2736708233106,2023-02-21,2023-01-01 05:48:00,password,1
138,3,2,820.8159544136772,2973.156783737646,2023-05-30,2023-01-01 02:47:00,password,1
139,4,4,851.8961554952539,2342.0670233914107,2023-09-26,2023-01-01 03:46:00,password,1
140,3,5,686.6299072313794,3107.3428309199435,2023-02-20,2023-01-01 06:03:00,password,1
141,1,4,781.8299855143812,1403.60054929875,2023-09-04,2023-01-01 02:17:00,password,1
142,2,4,725.3432374694565,4052.871141375166,2023-04-24,2023-01-01 04:27:00,password,1
143,5,2,836.0280193761266,366.0558626148377,2023-06-20,2023-01-01 02:21:00,password,1
144,1,4,791.7784836624093,1393.652051150722,2023-06-16,2023-01-01 07:22:00,password,1
145,4,2,762.8781097795675,2431.0850691070973,2023-01-15,2023-01-01 07:02:00,password,1
146,5,1,624.7621834191243,577.32169857184,2023-07-23,2023-01-01 07:49:00,password,1
147,2,5,501.00925887411694,4277.205119970506,2023-10-16,2023-01-01 01:24:00,password,1
148,2,4,587.0408376557147,4191.1735411889085,2023-07-09,2023-01-01 03:48:00,password,1
149,3,2,558.5330207120843,3235.439717439239,2023-06-05,2023-01-01 07:54:00,password,1
150,5,3,724.5423725054734,477.5415094854909,2023-02-25,2023-01-01 02:04:00,password,1
151,3,3,548.696696276776,3245.276041874547,2023-06-11,2023-01-01 07:13:00,password,1
152,1,1,49.80954011940869,2135.6209946937224,2023-10-24,2023-01-01 13:08:00,password,0
153,5,5,93.52678573663127,1108.557096254333,2023-02-06,2023-01-01 15:44:00,password,0
154,1,4,806.1290753809224,1379.3014594322087,2023-07-02,2023-01-01 01:44:00,password,1
155,3,1,606.5425043424041,3187.430233808919,2023-07-30,2023-01-01 04:54:00,password,1
156,5,5,11.44393172319679,1190.6399502677675,2023-05-26,2023-01-01 12:19:00,password,0
157,3,1,969.5285479835936,2824.444190167729,2023-03-17,2023-01-01 04:55:00,password,1
158,5,3,503.34106461194386,698.7428173790204,2023-10-05,2023-01-01 02:44:00,password,1
159,3,2,886.1505075826715,2907.8222305686513,2023-05-14,2023-01-01 05:28:00,password,1
160,2,4,812.6023847652211,3965.6119940794015,2023-12-10,2023-01-01 04:08:00,password,1
161,3,2,686.7774005238409,3107.1953376274823,2023-03-01,2023-01-01 02:47:00,password,1
162,2,1,525.2444722062039,4252.969906638419,2023-12-12,2023-01-01 01:00:00,password,1
163,3,2,813.7432858921397,2980.2294522591833,2023-07-02,2023-01-01 07:59:00,password,1
164,5,1,692.806756432824,509.27712555814026,2023-12-06,2023-01-01 02:29:00,password,1
165,5,2,968.1335697066096,233.9503122843547,2023-11-18,2023-01-01 02:27:00,password,1
166,5,5,49.89547780316003,1152.1884041878043,2023-02-16,2023-01-01 15:34:00,password,0
167,4,3,770.9950374448829,2422.968141441782,2023-03-06,2023-01-01 03:11:00,password,1
168,1,5,969.825755646754,1215.604779166377,2023-11-24,2023-01-01 06:25:00,password,1
169,5,3,610.2418467366521,591.8420352543122,2023-09-18,2023-01-01 04:58:00,password,1
170,2,3,862.8629551820516,3915.3514236625715,2023-07-13,2023-01-01 07:53:00,password,1
171,5,5,808.6245104243628,393.4593715666015,2023-05-24,2023-01-01 03:57:00,password,1
172,4,5,869.704114915656,2324.259063971009,2023-04-15,2023-01-01 05:08:00,password,1
173,2,4,607.3339319862685,4170.880446858355,2023-08-03,2023-01-01 06:30:00,password,1
174,4,4,832.4972581188869,2361.465920767778,2023-08-31,2023-01-01 01:20:00,password,1
175,2,3,749.0201965284346,4029.1941823161883,2023-07-29,2023-01-01 07:46:00,password,1
176,3,3,871.4124874531581,2922.560250698165,2023-04-04,2023-01-01 01:54:00,password,1
177,1,1,35.51793274188121,2149.9126020712497,2023-10-01,2023-01-01 10:51:00,password,0
178,1,1,663.5223220759088,1521.9082127372221,2023-05-23,2023-01-01 06:51:00,password,1
179,4,1,945.0285127326263,2248.9346661540385,2023-04-23,2023-01-01 00:11:00,password,1
180,1,4,542.1506573056752,1643.279877507456,2023-03-01,2023-01-01 00:54:00,password,1
181,4,4,903.594659395594,2290.3685194910704,2023-02-13,2023-01-01 05:39:00,password,1
182,4,4,5.757833495506339,3188.205345391158,2023-10-03,2023-01-01 17:22:00,password,0
183,4,4,618.513928554168,2575.4492503324964,2023-07-05,2023-01-01 05:03:00,password,1
184,1,1,14.793813986181693,2170.6367208269494,2023-07-17,2023-01-01 12:53:00,password,0
185,4,1,930.6598129075454,2263.303365979119,2023-07-27,2023-01-01 04:46:00,password,1
186,1,1,908.6261556834106,1276.8043791297205,2023-09-26,2023-01-01 00:00:00,password,1
187,4,2,756.363197130888,2437.5999817557768,2023-10-24,2023-01-01 00:41:00,password,1
188,5,2,719.1924900153806,482.8913919755837,2023-04-29,2023-01-01 05:41:00,password,1
189,4,1,998.1311432624384,2195.832035624226,2023-01-21,2023-01-01 04:14:00,password,1
190,2,2,614.5859756070811,4163.6284032375415,2023-08-11,2023-01-01 00:21:00,password,1
191,4,5,773.4379829380223,2420.5251959486422,2023-06-16,2023-01-01 05:34:00,password,1
192,3,4,835.3377626911628,2958.63497546016,2023-05-12,2023-01-01 04:15:00,password,1
193,4,4,850.433817930716,2343.5293609559485,2023-06-06,2023-01-01 07:46:00,password,1
194,2,1,602.0123328692894,4176.202045975333,2023-07-04,2023-01-01 00:16:00,password,1
195,2,2,26.137625979500125,4752.076752865123,2023-11-10,2023-01-01 13:17:00,password,0
196,1,3,826.9970461699006,1358.4334886432305,2023-04-01,2023-01-01 05:25:00,password,1
197,5,1,909.1847832406686,292.8990987502957,2023-04-05,2023-01-01 04:16:00,password,1
198,4,4,94.48090811539157,3099.482270771273,2023-02-08,2023-01-01 15:27:00,password,0
199,1,2,525.0092884105561,1660.421246402575,2023-01-14,2023-01-01 05:16:00,password,1
200,5,3,955.7606466626582,246.32323532830605,2023-11-19,2023-01-01 07:13:00,password,1
201,4,2,514.752027572603,2679.2111513140617,2023-10-21,2023-01-01 04:05:00,password,1
202,3,3,40.48326924303466,3753.4894689082885,2023-01-05,2023-01-01 13:59:00,password,0
203,4,5,677.9855162441972,2515.9776626424673,2023-08-19,2023-01-01 02:45:00,password,1
204,2,2,507.906598116481,4270.307780728142,2023-11-19,2023-01-01 05:46:00,password,1
205,2,5,538.5725842697909,4239.641794574832,2023-10-20,2023-01-01 07:14:00,password,1
206,3,5,955.5841425900396,2838.388595561283,2023-01-27,2023-01-01 05:26:00,password,1
207,1,2,677.4304153730739,1508.0001194400572,2023-03-17,2023-01-01 04:48:00,password,1
208,5,2,712.3857652125264,489.6981167784379,2023-12-31,2023-01-01 06:52:00,password,1
209,4,5,607.6721906912763,2586.2909881953883,2023-10-27,2023-01-01 07:34:00,password,1
210,2,3,798.5478850933598,3979.6664937512633,2023-05-31,2023-01-01 03:05:00,password,1
211,1,1,71.51478840251976,2113.9157464106115,2023-10-31,2023-01-01 13:33:00,password,0
212,3,5,797.4016073388948,2996.5711308124282,2023-05-29,2023-01-01 04:21:00,password,1
213,2,2,68.03966589591519,4710.174712948708,2023-11-30,2023-01-01 10:56:00,password,0
214,3,4,686.1001959126096,3107.8725422387133,2023-01-09,2023-01-01 01:48:00,password,1
215,4,5,666.5174359026992,2527.4457429839654,2023-01-30,2023-01-01 06:24:00,password,1
216,5,3,942.4821540902939,259.6017279006704,2023-10-24,2023-01-01 01:25:00,password,1
217,2,4,691.6421198211007,4086.5722590235223,2023-07-29,2023-01-01 06:04:00,password,1
218,2,1,746.7504960772042,4031.463882767419,2023-05-09,2023-01-01 01:19:00,password,1
219,4,4,54.44426803886564,3139.518910847799,2023-05-14,2023-01-01 14:47:00,password,0
220,1,1,641.6523812124653,1543.7781536006657,2023-12-07,2023-01-01 05:05:00,password,1
221,5,3,893.3847516785637,308.6991303124006,2023-04-27,2023-01-01 02:49:00,password,1
222,2,5,698.7240784495458,4079.490300395077,2023-05-25,2023-01-01 01:03:00,password,1
223,5,2,756.8055232721622,445.2783587188021,2023-11-15,2023-01-01 00:56:00,password,1
224,2,2,37.85599388961256,4740.3583849550105,2023-04-03,2023-01-01 17:06:00,password,0
225,5,3,626.6785850298307,575.4052969611336,2023-08-24,2023-01-01 05:13:00,password,1
226,3,4,993.829796170626,2800.1429419806973,2023-01-08,2023-01-01 04:06:00,password,1
227,2,4,645.7478704618615,4132.466508382761,2023-02-15,2023-01-01 07:43:00,password,1
228,5,5,45.59942594498476,1156.4844560459796,2023-06-14,2023-01-01 08:27:00,password,0
229,1,1,885.3712654527758,1300.0592693603553,2023-08-28,2023-01-01 06:14:00,password,1
230,3,4,713.7478251783796,3080.2249129729435,2023-06-05,2023-01-01 02:42:00,password,1
231,3,3,603.10870254207,3190.864035609253,2023-07-01,2023-01-01 06:43:00,password,1
232,1,4,899.8593819824306,1285.5711528307006,2023-08-04,2023-01-01 02:16:00,password,1
233,5,5,56.76428162566199,1145.3196003653022,2023-11-08,2023-01-01 15:45:00,password,0
234,4,3,666.8033945145216,2527.159784372143,2023-03-30,2023-01-01 02:18:00,password,1
235,1,2,932.5966736989055,1252.8338611142256,2023-09-14,2023-01-01 03:35:00,password,1
236,5,1,957.6285924589115,244.4552895320528,2023-03-15,2023-01-01 02:31:00,password,1
237,1,4,929.911917695638,1255.5186171174932,2023-06-29,2023-01-01 01:47:00,password,1
238,1,3,517.5039574034029,1667.9265774097282,2023-08-01,2023-01-01 03:39:00,password,1
239,2,5,893.6866725025527,3884.52770634207,2023-10-21,2023-01-01 07:16:00,password,1
240,5,1,705.6697332495719,496.4141487413924,2023-08-23,2023-01-01 06:42:00,password,1
241,4,4,3.28318007910016,3190.6799988075645,2023-02-28,2023-01-01 12:19:00,password,0
242,2,2,936.8614600911126,3841.3529187535105,2023-08-28,2023-01-01 01:00:00,password,1
243,1,1,66.05402152151652,2119.3765132916146,2023-11-19,2023-01-01 14:09:00,password,0
244,1,3,818.9771313423694,1366.4534034707617,2023-08-12,2023-01-01 02:31:00,password,1
245,1,2,916.8215670719792,1268.608967741152,2023-04-30,2023-01-01 03:12:00,password,1
246,5,2,749.7158849334177,452.36799705754663,2023-11-10,2023-01-01 05:57:00,password,1
247,5,4,767.5127522994665,434.57112969149784,2023-09-22,2023-01-01 07:13:00,password,1
248,2,4,572.1938160668336,4206.02056277779,2023-07-27,2023-01-01 04:47:00,password,1
249,4,3,891.9936793446777,2301.969499541987,2023-04-06,2023-01-01 06:46:00,password,1
250,2,5,709.6948058334858,4068.5195730111373,2023-08-11,2023-01-01 05:03:00,password,1
251,3,3,750.0400591357914,3043.932679015532,2023-10-04,2023-01-01 07:58:00,password,1
252,1,5,892.5488570478537,1292.8816777652773,2023-08-20,2023-01-01 07:27:00,password,1
253,1,1,52.25738370222053,2133.1731511109106,2023-09-20,2023-01-01 12:08:00,password,0
254,1,1,93.41019449986881,2092.0203403132623,2023-05-21,2023-01-01 16:38:00,password,0
255,2,2,799.4227000397195,3978.7916788049033,2023-11-06,2023-01-01 07:03:00,password,1
256,2,2,57.575829495296055,4720.638549349327,2023-06-09,2023-01-01 09:35:00,password,0
257,1,1,600.5493637213337,1584.8811710917973,2023-04-30,2023-01-01 04:25:00,password,1
258,2,3,795.1163295754463,3983.0980492691765,2023-09-26,2023-01-01 03:31:00,password,1
259,5,3,703.8164289898278,498.26745300113646,2023-10-01,2023-01-01 04:01:00,password,1
260,5,5,734.7627710219313,467.32111096903304,2023-03-06,2023-01-01 06:02:00,password,1
261,2,2,514.1556372013339,4264.058741643289,2023-10-26,2023-01-01 05:07:00,password,1
262,1,2,605.0146747581408,1580.4158600549904,2023-12-17,2023-01-01 07:14:00,password,1
263,2,2,93.6278644278738,4684.586514416749,2023-05-03,2023-01-01 17:15:00,password,0
264,2,5,640.5190406905141,4137.695338154109,2023-01-12,2023-01-01 02:30:00,password,1
265,2,2,856.4800039294029,3921.73437491522,2023-04-09,2023-01-01 00:38:00,password,1
266,3,4,505.74623664905766,3288.2265015022654,2023-03-13,2023-01-01 04:01:00,password,1
267,5,1,704.388630614566,497.69525137639835,2023-12-31,2023-01-01 07:06:00,password,1
268,4,3,962.0134352128664,2231.9497436737984,2023-02-28,2023-01-01 07:43:00,password,1
269,4,4,1.0515173225362662,3192.9116615641283,2023-04-06,2023-01-01 17:29:00,password,0
270,3,1,555.940308274562,3238.032429876761,2023-10-18,2023-01-01 02:38:00,password,1
271,2,3,758.2121941093055,4020.0021847353173,2023-09-09,2023-01-01 01:56:00,password,1
272,3,3,69.596145510502,3724.376592640821,2023-11-02,2023-01-01 13:53:00,password,0
273,3,4,893.2611911954235,2900.7115469558994,2023-10-04,2023-01-01 07:34:00,password,1
274,1,2,971.2656537600583,1214.1648810530728,2023-02-20,2023-01-01 05:09:00,password,1
275,5,5,873.388319766859,328.6955622241053,2023-12-25,2023-01-01 05:17:00,password,1
276,4,4,88.46590820435964,3105.497270682305,2023-07-27,2023-01-01 08:02:00,password,0
277,2,4,860.2827743222031,3917.9316045224195,2023-08-05,2023-01-01 01:04:00,password,1
278,4,1,913.2440450978812,2280.7191337887834,2023-02-22,2023-01-01 04:28:00,password,1
279,4,5,723.1006104887718,2470.8625683978926,2023-09-29,2023-01-01 06:59:00,password,1
280,5,2,902.9222663089165,299.1616156820478,2023-03-26,2023-01-01 01:42:00,password,1
281,4,4,503.98220237272557,2689.980976513939,2023-10-21,2023-01-01 05:44:00,password,1
282,4,4,60.64165166421078,3133.321527222454,2023-04-15,2023-01-01 15:07:00,password,0
283,3,3,46.196922477808116,3747.775815673515,2023-03-27,2023-01-01 17:01:00,password,0
284,5,5,35.904316777082734,1166.1795652138815,2023-03-14,2023-01-01 15:58:00,password,0
285,1,1,25.77488469107054,2159.6556501220607,2023-09-22,2023-01-01 13:07:00,password,0
286,2,5,962.2805276884025,3815.9338511562205,2023-05-07,2023-01-01 06:04:00,password,1
287,4,4,83.48629626188027,3110.476882624784,2023-02-24,2023-01-01 08:53:00,password,0
288,2,2,33.69500037289075,4744.519378471732,2023-11-27,2023-01-01 16:35:00,password,0
289,1,1,779.0701247969314,1406.3604100161997,2023-03-28,2023-01-01 05:09:00,password,1
290,2,2,80.88438472802717,4697.329994116596,2023-05-14,2023-01-01 10:51:00,password,0
291,1,4,721.6532547585877,1463.7772800545436,2023-10-24,2023-01-01 05:05:00,password,1
292,3,4,776.6900939328739,3017.282644218449,2023-03-14,2023-01-01 07:57:00,password,1
293,4,2,627.4411244574412,2566.5220544292233,2023-10-24,2023-01-01 04:45:00,password,1
294,1,3,871.2654164202107,1314.1651183929202,2023-08-25,2023-01-01 03:03:00,password,1
295,2,5,538.3179032376244,4239.896475606998,2023-02-26,2023-01-01 04:22:00,password,1
296,4,2,936.3179012734176,2257.645277613247,2023-12-27,2023-01-01 05:31:00,password,1
297,3,4,914.0584145031714,2879.9143236481514,2023-04-21,2023-01-01 01:17:00,password,1
298,4,4,46.26925099975912,3147.6939278869054,2023-11-17,2023-01-01 10:55:00,password,0
299,1,2,608.0300581223833,1577.4004766907478,2023-07-12,2023-01-01 06:39:00,password,1
300,3,3,68.47975322830618,3725.492984923017,2023-09-23,2023-01-01 14:16:00,password,0
301,2,3,904.6621991426312,3873.552179701992,2023-04-04,2023-01-01 01:31:00,password,1
302,3,5,893.1788665307407,2900.793871620582,2023-12-17,2023-01-01 00:36:00,password,1
303,3,3,96.55993120868621,3697.412806942637,2023-10-10,2023-01-01 10:57:00,password,0
304,5,5,82.22225753335555,1119.8616244576087,2023-05-19,2023-01-01 15:11:00,password,0
305,3,3,816.1082988769745,2977.8644392743486,2023-02-26,2023-01-01 01:19:00,password,1
306,3,1,686.7600884498438,3107.212649701479,2023-03-02,2023-01-01 05:47:00,password,1
307,4,5,635.7493770909339,2558.2138017957304,2023-05-19,2023-01-01 07:58:00,password,1
308,2,3,615.891795144675,4162.322583699948,2023-02-09,2023-01-01 06:02:00,password,1
309,4,4,659.3044813818036,2534.658697504861,2023-01-29,2023-01-01 01:10:00,password,1
310,4,5,951.7792217162652,2242.1839571703995,2023-02-19,2023-01-01 02:16:00,password,1
311,1,5,538.8203879943907,1646.6101468187403,2023-05-06,2023-01-01 07:03:00,password,1
312,4,2,914.4356381264793,2279.5275407601853,2023-01-14,2023-01-01 06:03:00,password,1
313,5,4,674.4450375209118,527.6388444700525,2023-02-06,2023-01-01 00:40:00,password,1
314,5,1,760.7996980056791,441.28418398528515,2023-04-12,2023-01-01 02:04:00,password,1
315,1,1,56.62480252223359,2128.8057322908976,2023-09-25,2023-01-01 13:21:00,password,0
316,2,3,897.2428168242453,3880.9715620203774,2023-10-10,2023-01-01 07:21:00,password,1
317,2,2,942.1882735114857,3836.026105333137,2023-03-28,2023-01-01 07:05:00,password,1
318,4,3,672.3907100363235,2521.572468850341,2023-01-05,2023-01-01 02:21:00,password,1
319,4,4,34.72183237695976,3159.2413465097047,2023-02-08,2023-01-01 11:35:00,password,0
320,4,4,12.232995599727353,3181.730183286937,2023-12-20,2023-01-01 11:05:00,password,0
321,2,1,730.9217406375551,4047.2926382070677,2023-08-12,2023-01-01 00:19:00,password,1
322,3,1,707.2580324083962,3086.714705742927,2023-12-05,2023-01-01 05:47:00,password,1
323,5,5,506.6255167519553,695.458365239009,2023-06-16,2023-01-01 06:10:00,password,1
324,3,3,73.27389233962003,3720.698845811703,2023-03-17,2023-01-01 09:27:00,password,0
325,3,1,647.9714444293284,3146.0012937219944,2023-12-11,2023-01-01 04:58:00,password,1
326,2,3,729.594616866281,4048.619761978342,2023-10-06,2023-01-01 01:02:00,password,1
327,3,3,97.39271983877642,3696.5800183125466,2023-11-14,2023-01-01 16:50:00,password,0
328,1,1,45.495616739682134,2139.934918073449,2023-09-09,2023-01-01 11:00:00,password,0
329,4,4,705.5468044402198,2488.416374446445,2023-05-11,2023-01-01 00:59:00,password,1
330,1,4,860.9646137578397,1324.4659210552913,2023-02-01,2023-01-01 03:22:00,password,1
331,5,5,692.4018086105516,509.6820733804127,2023-01-12,2023-01-01 05:32:00,password,1
332,4,3,744.6882244853351,2449.2749544013295,2023-10-30,2023-01-01 01:48:00,password,1
333,3,3,714.8042960661817,3079.1684420851416,2023-04-07,2023-01-01 02:40:00,password,1
334,5,1,870.3130744471853,331.77080754377903,2023-07-10,2023-01-01 00:22:00,password,1
335,4,3,931.4861994934813,2262.4769793931832,2023-07-12,2023-01-01 01:18:00,password,1
336,3,2,765.9445395037571,3028.0281986475657,2023-09-24,2023-01-01 04:46:00,password,1
337,1,1,894.7160970975956,1290.7144377155355,2023-05-09,2023-01-01 04:46:00,password,1
338,4,4,57.763337125521396,3136.199841761143,2023-09-17,2023-01-01 12:02:00,password,0
339,3,2,648.3933410099253,3145.5793971413977,2023-08-27,2023-01-01 03:22:00,password,1
340,1,5,770.6848050786343,1414.7457297344968,2023-12-22,2023-01-01 05:24:00,password,1
341,5,4,672.6149768349862,529.4689051559781,2023-04-23,2023-01-01 03:33:00,password,1
342,5,5,707.1004627859152,494.98341920504913,2023-11-13,2023-01-01 04:55:00,password,1
343,5,5,504.5152020647751,697.5686799261891,2023-05-07,2023-01-01 04:12:00,password,1
344,5,4,866.2069324063343,335.87694958463,2023-12-10,2023-01-01 07:46:00,password,1
345,2,5,940.8312411663563,3837.3831376782664,2023-05-26,2023-01-01 00:09:00,password,1
346,4,3,560.7476955438827,2633.2154833427817,2023-03-07,2023-01-01 05:41:00,password,1
347,4,2,817.3196282436902,2376.6435506429743,2023-09-05,2023-01-01 00:45:00,password,1
348,2,4,791.0719037888992,3987.1424750557235,2023-08-12,2023-01-01 01:29:00,password,1
349,3,3,92.73922771358562,3701.2335104377376,2023-06-14,2023-01-01 14:17:00,password,0
350,3,3,10.321541838587452,3783.6511963127355,2023-07-14,2023-01-01 13:16:00,password,0
351,5,5,802.7690788224414,399.3148031685229,2023-12-08,2023-01-01 04:24:00,password,1
352,1,1,559.207519587966,1626.223015225165,2023-11-10,2023-01-01 06:40:00,password,1
353,3,2,605.9471652200546,3188.0255729312685,2023-04-17,2023-01-01 00:13:00,password,1
354,1,1,655.5012473663401,1529.929287446791,2023-07-01,2023-01-01 02:51:00,password,1
355,4,2,583.4655354087507,2610.4976434779137,2023-07-04,2023-01-01 07:33:00,password,1
356,1,2,621.8647412621709,1563.5657935509603,2023-08-15,2023-01-01 01:34:00,password,1
357,4,5,633.8003994308538,2560.162779455811,2023-09-23,2023-01-01 02:10:00,password,1
358,2,2,59.59698514330715,4718.617393701315,2023-09-12,2023-01-01 12:30:00,password,0
359,2,2,38.90976060062519,4739.3046182439975,2023-06-27,2023-01-01 14:27:00,password,0
360,5,5,35.162053554641616,1166.9218284363226,2023-07-12,2023-01-01 16:30:00,password,0
361,3,4,667.8369165195298,3126.135821631793,2023-10-06,2023-01-01 04:20:00,password,1
362,5,4,874.6952264005795,327.3886555903848,2023-03-31,2023-01-01 05:44:00,password,1
363,4,2,785.9561019253003,2408.007076961364,2023-06-26,2023-01-01 06:54:00,password,1
364,5,3,993.1233359757007,208.96054601526362,2023-01-19,2023-01-01 00:01:00,password,1
365,1,1,98.35889094858945,2087.071643864542,2023-06-16,2023-01-01 10:25:00,password,0
366,4,3,707.3679134837355,2486.595265402929,2023-04-17,2023-01-01 03:56:00,password,1
367,2,1,876.9325369184626,3901.2818419261603,2023-09-29,2023-01-01 01:17:00,password,1
368,3,1,935.7342106882669,2858.238527463056,2023-11-16,2023-01-01 05:58:00,password,1
369,4,5,839.489246519021,2354.4739323676436,2023-06-17,2023-01-01 02:15:00,password,1
370,4,2,705.932370208748,2488.0308086779164,2023-01-14,2023-01-01 00:50:00,password,1
371,1,1,876.7973153728765,1308.6332194402546,2023-12-04,2023-01-01 01:34:00,password,1
372,3,1,601.8335688863424,3192.1391692649804,2023-02-02,2023-01-01 04:58:00,password,1
373,2,2,663.7760825900662,4114.438296254557,2023-02-10,2023-01-01 01:15:00,password,1
374,4,5,773.3426275496444,2420.62055133702,2023-05-29,2023-01-01 05:56:00,password,1
375,4,1,787.7046936430742,2406.2584852435903,2023-08-07,2023-01-01 03:42:00,password,1
376,1,1,48.68503180844742,2136.7455030046835,2023-11-19,2023-01-01 11:27:00,password,0
377,5,5,698.329888171781,503.7539938191833,2023-10-13,2023-01-01 01:37:00,password,1
378,2,5,511.07073773631475,4267.143641108308,2023-08-08,2023-01-01 06:46:00,password,1
379,3,4,972.5570943780044,2821.4156437733186,2023-03-24,2023-01-01 07:41:00,password,1
380,4,4,30.055329297085773,3163.9078495895787,2023-02-05,2023-01-01 14:50:00,password,0
381,4,5,848.313635608695,2345.6495432779693,2023-11-30,2023-01-01 03:59:00,password,1
382,2,3,747.8518751159455,4030.3625037286774,2023-07-28,2023-01-01 04:03:00,password,1
383,5,3,966.5636172041542,235.52026478681012,2023-07-21,2023-01-01 06:53:00,password,1
384,4,5,719.5477826254142,2474.4153962612504,2023-11-29,2023-01-01 01:25:00,password,1
385,2,2,91.5810078788343,4686.633370965788,2023-10-14,2023-01-01 08:49:00,password,0
386,1,1,724.3887869157015,1461.0417478974296,2023-10-22,2023-01-01 02:44:00,password,1
387,5,3,990.2177851351859,211.86609685577844,2023-02-08,2023-01-01 02:26:00,password,1
388,3,4,756.1423786217425,3037.8303595295806,2023-07-31,2023-01-01 02:14:00,password,1
389,4,2,557.1428849989898,2636.820293887675,2023-11-24,2023-01-01 06:07:00,password,1
390,2,3,882.4004862296385,3895.813892614984,2023-09-07,2023-01-01 06:46:00,password,1
391,1,3,839.4488625389203,1345.9816722742107,2023-08-16,2023-01-01 06:45:00,password,1
392,3,5,886.4933606527934,2907.4793774985296,2023-02-18,2023-01-01 06:39:00,password,1
393,2,4,975.7210143628406,3802.493364481782,2023-01-19,2023-01-01 03:11:00,password,1
394,2,2,888.244651325509,3889.969727519114,2023-10-23,2023-01-01 04:42:00,password,1
395,3,5,805.6683011083235,2988.304437043,2023-07-16,2023-01-01 00:16:00,password,1
396,1,5,928.6544511804204,1256.7760836327107,2023-07-07,2023-01-01 07:35:00,password,1
397,1,4,836.6232196772658,1348.8073151358653,2023-12-12,2023-01-01 04:07:00,password,1
398,5,2,704.0595284129615,498.0243535780028,2023-08-13,2023-01-01 04:25:00,password,1
399,4,4,942.8098821208866,2251.1532967657777,2023-11-15,2023-01-01 07:35:00,password,1
400,3,2,610.9502303921864,3183.0225077591367,2023-12-04,2023-01-01 03:53:00,password,1
401,3,4,857.3206374543621,2936.652100696961,2023-08-18,2023-01-01 04:46:00,password,1
402,3,5,940.7817274703784,2853.1910106809446,2023-03-19,2023-01-01 03:36:00,password,1
403,1,5,865.6582598516482,1319.772274961483,2023-07-08,2023-01-01 05:22:00,password,1
404,4,4,702.6550915428717,2491.308087343793,2023-10-13,2023-01-01 00:25:00,password,1
405,5,1,848.6377095269285,353.44617246403584,2023-12-13,2023-01-01 07:13:00,password,1
406,2,2,55.24921644156065,4722.965162403062,2023-03-18,2023-01-01 09:45:00,password,0
407,2,2,888.0001035177147,3890.214275326908,2023-10-10,2023-01-01 01:17:00,password,1
408,3,3,876.319147035918,2917.653591115405,2023-09-28,2023-01-01 01:06:00,password,1
409,4,4,732.5276241503223,2461.435554736342,2023-04-06,2023-01-01 04:51:00,password,1
410,1,1,937.085341078513,1248.345193734618,2023-11-07,2023-01-01 03:36:00,password,1
411,4,3,601.7182375680457,2592.2449413186187,2023-05-13,2023-01-01 04:02:00,password,1
412,4,4,563.6932080001696,2630.269970886495,2023-02-09,2023-01-01 06:35:00,password,1
413,1,2,642.7543900592558,1542.6761447538752,2023-03-14,2023-01-01 06:45:00,password,1
414,3,3,765.7886983874967,3028.184039763826,2023-10-09,2023-01-01 03:18:00,password,1
415,4,5,755.2808977046691,2438.6822811819957,2023-11-30,2023-01-01 04:41:00,password,1
416,2,1,910.2993788382933,3867.9150000063296,2023-06-10,2023-01-01 04:36:00,password,1
417,1,1,96.7904746005045,2088.6400602126264,2023-05-18,2023-01-01 12:17:00,password,0
418,5,3,702.2843282020087,499.79955378895556,2023-07-07,2023-01-01 02:54:00,password,1
419,3,3,742.1722131457543,3051.8005250055685,2023-07-11,2023-01-01 03:28:00,password,1
420,1,5,506.68384162969784,1678.7466931834333,2023-05-01,2023-01-01 03:24:00,password,1
421,5,5,27.579010832125526,1174.5048711588388,2023-01-15,2023-01-01 12:42:00,password,0
422,5,4,704.8696182214695,497.2142637694948,2023-08-09,2023-01-01 05:35:00,password,1
423,4,2,823.8871164751711,2370.0760624114937,2023-02-23,2023-01-01 01:21:00,password,1
424,4,5,507.7541653132961,2686.2090135733683,2023-08-11,2023-01-01 07:15:00,password,1
425,4,2,640.4409825931218,2553.522196293543,2023-05-12,2023-01-01 01:04:00,password,1
426,1,1,84.38619268490486,2101.044342128226,2023-01-09,2023-01-01 11:24:00,password,0
427,1,1,66.92631330513217,2118.504221507999,2023-03-07,2023-01-01 17:09:00,password,0
428,3,4,603.9781796446949,3189.994558506628,2023-08-26,2023-01-01 05:35:00,password,1
429,4,3,520.9927144547942,2672.9704644318704,2023-09-04,2023-01-01 05:44:00,password,1
430,5,2,739.6300449572688,462.45383703369555,2023-08-15,2023-01-01 02:22:00,password,1
431,2,1,590.8616466140783,4187.3527322305445,2023-07-28,2023-01-01 01:12:00,password,1
432,3,1,871.54076981569,2922.431968335633,2023-04-07,2023-01-01 02:53:00,password,1
433,1,5,923.9639418816743,1261.466592931457,2023-07-20,2023-01-01 04:35:00,password,1
434,3,4,772.7925913345739,3021.180146816749,2023-09-05,2023-01-01 05:51:00,password,1
435,3,5,990.8536712605708,2803.119066890752,2023-03-14,2023-01-01 03:46:00,password,1
436,3,5,725.2392857352977,3068.733452416025,2023-11-15,2023-01-01 03:08:00,password,1
437,3,5,756.6841051124577,3037.2886330388656,2023-07-05,2023-01-01 06:50:00,password,1
438,2,1,994.6088769788751,3783.605501865748,2023-01-07,2023-01-01 02:37:00,password,1
439,4,1,615.7742179825244,2578.18896090414,2023-07-26,2023-01-01 05:51:00,password,1
440,5,5,971.2729698384526,230.81091215251172,2023-02-02,2023-01-01 06:14:00,password,1
441,3,1,521.4187775595566,3272.5539605917666,2023-04-10,2023-01-01 00:19:00,password,1
442,3,4,723.1934451315974,3070.7792930197256,2023-09-14,2023-01-01 00:31:00,password,1
443,3,5,535.0017560665328,3258.97098208479,2023-07-07,2023-01-01 03:49:00,password,1
444,4,1,864.6173714568215,2329.3458074298433,2023-03-18,2023-01-01 01:04:00,password,1
445,1,2,804.204467940009,1381.2260668731221,2023-06-27,2023-01-01 03:22:00,password,1
446,1,5,853.3171317337982,1332.1134030793328,2023-11-12,2023-01-01 05:10:00,password,1
447,2,5,687.2401999840085,4090.9741788606143,2023-10-15,2023-01-01 04:21:00,password,1
448,1,4,684.7409670156901,1500.689567797441,2023-12-16,2023-01-01 01:03:00,password,1
449,3,3,522.6596394804473,3271.3130986708757,2023-09-13,2023-01-01 04:43:00,password,1
450,3,3,674.9724697648198,3119.000268386503,2023-11-22,2023-01-01 01:12:00,password,1
451,3,4,964.6442011310297,2829.3285370202934,2023-07-10,2023-01-01 01:08:00,password,1
452,2,2,94.96542742754721,4683.248951417076,2023-08-01,2023-01-01 17:33:00,password,0
453,3,4,689.6132685902245,3104.3594695610986,2023-11-05,2023-01-01 01:30:00,password,1
454,1,4,915.683853110985,1269.7466817021461,2023-12-12,2023-01-01 06:03:00,password,1
455,4,3,921.1627523749671,2272.8004265116974,2023-05-08,2023-01-01 02:41:00,password,1
456,4,4,686.6205781896169,2507.3426006970476,2023-10-15,2023-01-01 05:30:00,password,1
457,5,1,815.9943401980945,386.0895417928698,2023-09-12,2023-01-01 07:34:00,password,1
458,1,1,617.3370191307755,1568.0935156823557,2023-02-09,2023-01-01 05:18:00,password,1
459,3,5,547.6858011365293,3246.2869370147937,2023-08-02,2023-01-01 00:20:00,password,1
460,4,4,2.789460997936566,3191.173717888728,2023-12-13,2023-01-01 08:13:00,password,0
461,1,1,14.696956149362334,2170.7335786637686,2023-05-31,2023-01-01 15:27:00,password,0
462,4,5,551.8392903671382,2642.123888519526,2023-09-08,2023-01-01 04:30:00,password,1
463,3,2,524.3288318308566,3269.643906320466,2023-03-26,2023-01-01 02:30:00,password,1
464,4,2,790.5075466875547,2403.45563219911,2023-01-14,2023-01-01 04:31:00,password,1
465,5,5,713.0354888130485,489.04839317791584,2023-02-15,2023-01-01 01:58:00,password,1
466,5,1,774.01617833212,428.06770365884427,2023-05-08,2023-01-01 03:09:00,password,1
467,4,3,760.5365952541939,2433.4265836324707,2023-04-25,2023-01-01 01:01:00,password,1
468,1,3,675.1014955453652,1510.329039267766,2023-10-04,2023-01-01 03:23:00,password,1
469,1,1,22.060061607398666,2163.370473205732,2023-10-16,2023-01-01 11:46:00,password,0
470,1,1,838.7367074117365,1346.6938274013946,2023-07-25,2023-01-01 00:31:00,password,1
471,4,3,879.2509404581954,2314.7122384284694,2023-12-04,2023-01-01 07:15:00,password,1
472,1,4,507.3141294388379,1678.1164053742932,2023-10-01,2023-01-01 05:38:00,password,1
473,3,5,603.6211498844392,3190.351588266884,2023-02-28,2023-01-01 04:30:00,password,1
474,5,5,856.6179340416684,345.4659479492959,2023-11-25,2023-01-01 02:23:00,password,1
475,3,1,693.3100863169171,3100.662651834406,2023-08-08,2023-01-01 00:10:00,password,1
476,1,3,831.2419734708042,1354.188561342327,2023-04-20,2023-01-01 06:20:00,password,1
477,3,2,673.4813298672792,3120.4914082840437,2023-10-07,2023-01-01 03:06:00,password,1
478,1,2,695.3775761648185,1490.0529586483126,2023-06-24,2023-01-01 01:46:00,password,1
479,4,3,579.3394368448425,2614.623742041822,2023-11-25,2023-01-01 01:11:00,password,1
480,3,2,629.1155098330801,3164.857228318243,2023-09-22,2023-01-01 06:16:00,password,1
481,4,1,802.7058787537936,2391.257300132871,2023-11-12,2023-01-01 00:10:00,password,1
482,4,1,716.5815556575832,2477.3816232290815,2023-04-22,2023-01-01 03:31:00,password,1
483,2,3,887.1513414722976,3891.063037372325,2023-07-07,2023-01-01 00:46:00,password,1
484,1,2,926.2924774691714,1259.1380573439596,2023-09-27,2023-01-01 03:52:00,password,1
485,5,1,770.8232091083798,431.26067288258446,2023-08-18,2023-01-01 01:06:00,password,1
486,1,1,879.1336460280295,1306.2968887851016,2023-06-06,2023-01-01 01:41:00,password,1
487,5,4,653.452256597285,548.6316253936793,2023-07-09,2023-01-01 07:03:00,password,1
488,1,4,707.485607700039,1477.944927113092,2023-09-30,2023-01-01 03:18:00,password,1
489,4,1,856.3888381084155,2337.5743407782493,2023-01-03,2023-01-01 01:10:00,password,1
490,3,3,693.1059964085154,3100.866741742808,2023-09-04,2023-01-01 07:49:00,password,1
491,3,5,794.2524675794944,2999.7202705718287,2023-07-30,2023-01-01 02:10:00,password,1
492,2,5,592.6863895412557,4185.527989303368,2023-10-14,2023-01-01 04:02:00,password,1
493,5,5,617.896046979605,584.1878350113593,2023-01-21,2023-01-01 01:29:00,password,1
494,5,1,799.885657485249,402.1982245057153,2023-12-26,2023-01-01 03:02:00,password,1
495,5,5,69.16149017577128,1132.9223918151931,2023-11-08,2023-01-01 14:30:00,password,0
496,4,1,930.7568536134468,2263.2063252732178,2023-01-14,2023-01-01 01:26:00,password,1
497,5,1,934.3198199117128,267.7640620792515,2023-04-07,2023-01-01 00:53:00,password,1
498,3,3,862.1722031647698,2931.8005349865534,2023-08-10,2023-01-01 01:48:00,password,1
499,4,4,872.876689538063,2321.0864893486014,2023-08-27,2023-01-01 07:01:00,password,1
500,1,1,20.23312139769218,2165.197413415439,2023-05-26,2023-01-01 10:31:00,password,0
